id,sequence,base_pairs
5s_Methylobacterium-organophilum-1,CCGGCGGCCUGAGCGGUGUGCCAGAACCCGAUCCCAUCUCGAACUCGGCCGUUAAACACACCAGCGCCCAUGGUACUGUGCUCCAAGACACGGGAGAGUCGGUCGCCGCCAGGCU,"[[1, 113], [2, 112], [3, 110], [4, 109], [5, 108], [6, 107], [7, 106], [13, 65], [14, 64], [15, 62], [16, 61], [17, 60], [18, 59], [19, 58], [20, 57], [26, 52], [27, 51], [28, 48], [29, 47], [30, 46], [31, 45], [67, 102], [68, 101], [70, 99], [71, 98], [76, 93], [77, 92], [78, 91], [79, 90], [80, 89], [82, 87]]"
5s_Ascobolus-immersus-4,ACAUACGGCCAUAGAUUGAAGAAUAUACGGGAUCCCGUCCGCUCUCCCAUAGUCAAGCUUCUAAUCGCCAAGUUAGUACUGCGGUGGGUGACCACGCGGGAAUCCUUGGUGCUGUAUGU,"[[1, 119], [2, 118], [3, 117], [4, 116], [5, 115], [6, 114], [7, 113], [8, 112], [9, 111], [14, 66], [15, 65], [16, 63], [18, 61], [19, 60], [20, 59], [21, 58], [27, 53], [28, 52], [29, 48], [30, 47], [31, 46], [32, 45], [68, 109], [69, 108], [70, 107], [71, 106], [72, 105], [79, 99], [80, 98], [81, 97], [82, 96], [83, 95], [85, 94], [86, 93], [87, 92]]"
5s_Arabidopsis-thaliana-1,GGAUGCGAUCAUACCAGCACUAAUGCACCGGAUCCCAUCAGAACUCCGCAGUUAAGCGUGCUUGGGCGAGAGUAGUACUAGGAUGGGUGACCUCCUGGGAAGUCCUCGUGUUGCAUCCCU,"[[1, 118], [2, 117], [3, 116], [4, 115], [5, 114], [6, 113], [7, 112], [8, 111], [9, 110], [14, 65], [15, 64], [16, 62], [17, 61], [18, 60], [19, 59], [20, 58], [27, 52], [28, 51], [29, 48], [30, 47], [31, 46], [32, 45], [67, 108], [68, 107], [69, 106], [70, 105], [72, 103], [78, 98], [79, 97], [80, 96], [81, 95], [82, 94], [85, 92], [86, 91]]"
5s_Geobacillus-kaustophilus-4,GCCUAGUGGCUAUGGCGGAGGGGAAACACCCGUUCCCAUCCCGAACACGGAAGUUAAGCCCUCCAGCGCCGAUGGUAGUUGGGGCCAGCGCCCCUGCAAGAGUAGGUCGCUGCUAGG,"[[2, 117], [3, 116], [4, 115], [5, 114], [6, 113], [7, 112], [8, 111], [9, 110], [15, 67], [16, 66], [17, 64], [18, 63], [19, 62], [20, 61], [21, 60], [22, 59], [28, 54], [29, 53], [30, 50], [31, 49], [32, 48], [33, 47], [69, 106], [70, 105], [72, 103], [73, 102], [78, 97], [79, 96], [81, 94], [82, 93], [83, 92], [84, 91], [85, 90]]"
5s_Blastocladiella-simplex-1,AGCUACGGCCAUACACACCAGAAAGCUCCGCAUCCCGUCCGAUCUGCGAAGAUAAUCUGGUGCUGGCGCGGUCAGUACUGUCGUGGGAGACCAGAUGGGAAUACCGCGUGCUGUAGUU,"[[1, 118], [2, 117], [3, 116], [4, 115], [5, 114], [6, 113], [7, 112], [8, 111], [9, 110], [14, 65], [15, 64], [16, 62], [17, 61], [18, 60], [19, 59], [20, 58], [21, 57], [27, 52], [28, 51], [29, 48], [30, 47], [31, 46], [32, 45], [67, 108], [68, 107], [69, 106], [70, 105], [71, 104], [72, 103], [78, 98], [79, 97], [80, 96], [81, 95], [82, 94], [84, 93], [85, 92], [86, 91]]"
5s_Scyliorhinus-canicula-1,GCCUACGGCCAUACUAGUCUGAAAACGCCCGAUCUCGUCUGAUCUCGGAAGCUAAGCAGAUUCAGGCCUGGUUAGUACUUGGAUGGGAGACCGCCUGGGAAUACCAGGUGCAGUAGGCUU,"[[1, 118], [2, 117], [3, 116], [4, 115], [5, 114], [6, 113], [8, 111], [9, 110], [14, 65], [15, 64], [16, 62], [17, 61], [18, 60], [19, 59], [20, 58], [21, 57], [27, 52], [28, 51], [29, 48], [30, 47], [31, 46], [32, 45], [67, 108], [68, 107], [69, 106], [70, 105], [71, 104], [72, 103], [78, 98], [79, 97], [81, 95], [82, 94], [84, 93], [85, 92], [86, 91]]"
5s_Mesorhizobium-loti-1,GACCUGGUGGUUAUGGCGGAGCGGCUGCACCCGAUCCCAUUCCGAACUCGGCCGUGAAACGCUCCAGCGCUGAUGGUACUUCGUCUCAAGACGCGGGAGAGUAGGUCGCUGCCAGGUCU,"[[1, 118], [2, 117], [3, 116], [4, 115], [5, 114], [6, 113], [7, 112], [8, 111], [9, 110], [10, 109], [16, 68], [17, 67], [18, 65], [19, 64], [20, 63], [21, 62], [22, 61], [23, 60], [29, 55], [30, 54], [31, 51], [32, 50], [33, 49], [34, 48], [70, 105], [71, 104], [73, 102], [74, 101], [79, 96], [80, 95], [82, 93], [83, 92], [84, 91], [85, 90]]"
5s_Rana-catesbeiana-1,GCCUACGGCCACACCACCCUGAAAGCGCCCGAUCUCGUCUGAUCUCGGAGGCUAAGCAGGGUCGGGCCUGGUUAGUACCUGGAUGGGAGACCGCCUGGGAAUACCAGGUGUCGUAGGCU,"[[1, 118], [2, 117], [3, 116], [4, 115], [5, 114], [6, 113], [7, 112], [8, 111], [9, 110], [14, 65], [15, 64], [16, 62], [17, 61], [18, 60], [19, 59], [20, 58], [21, 57], [27, 52], [28, 51], [29, 48], [30, 47], [31, 46], [32, 45], [67, 108], [68, 107], [69, 106], [70, 105], [71, 104], [72, 103], [78, 98], [79, 97], [81, 95], [82, 94], [84, 93], [85, 92], [86, 91]]"
5s_Pseudocentrotus-depressus-1,GCCUACGACCAUACCAUGCUGAAUAUACCGGUUCUCGUCCGAUCACCGAAGUCAAGCAGCAUAGGGCCCGGUUAGUACUUGGAUGGGAGACCGCCUGGGAAUACCGGGUGUUGUAGGCUU,"[[1, 118], [2, 117], [3, 116], [4, 115], [5, 114], [6, 113], [7, 112], [8, 111], [9, 110], [14, 65], [15, 64], [16, 62], [17, 61], [18, 60], [19, 59], [20, 58], [21, 57], [27, 52], [28, 51], [29, 48], [30, 47], [31, 46], [32, 45], [67, 108], [68, 107], [69, 106], [70, 105], [71, 104], [72, 103], [78, 98], [79, 97], [81, 95], [82, 94], [84, 93], [85, 92], [86, 91]]"
5s_Micrococcus-luteus-1,GUUACGGCGGUCAUAGCGUGGGGGAAACGCCCGGUUCCAUUCCGAACCCGGAAGCUAAGGCCCACAGCGCCGAUGGUACUGCAACCGGGAGGUUGUGGGAGAGUAGGUCGCCGCCGGACAA,"[[1, 119], [2, 118], [3, 117], [5, 116], [6, 115], [7, 114], [8, 113], [9, 112], [10, 111], [16, 68], [17, 67], [18, 65], [19, 64], [20, 63], [21, 62], [22, 61], [29, 55], [30, 54], [31, 51], [32, 50], [33, 49], [34, 48], [70, 107], [71, 106], [73, 104], [74, 103], [79, 98], [80, 97], [81, 96], [82, 95], [83, 94], [84, 93], [85, 92], [86, 91]]"
5s_Verrucomicrobium-spinosum-1,UCCGGUGACGAUAGCGAGAAGGUCACACCCGUUCCCAUACCGAACACGGAAGUGAAGCUUCUCAGCGCCGACGGUAGUUCGGGGCUGCCCUCCCGUGAGAGUAGGACGUUGCCGGC,"[[2, 115], [3, 114], [4, 113], [5, 112], [6, 111], [7, 110], [8, 109], [14, 66], [15, 65], [16, 63], [17, 62], [18, 61], [19, 60], [20, 59], [21, 58], [27, 53], [28, 52], [29, 49], [30, 48], [31, 47], [32, 46], [68, 105], [69, 104], [71, 102], [72, 101], [77, 96], [78, 95], [81, 92], [82, 91], [83, 90], [84, 89]]"
5s_Neurospora-crassa-2,ACAUACGACCAUACCCACUGGAAAACUCGGGAUCCCGUCCGCUCUCCCAUAGAUAAGCCAGUGAGGGCCAGACUAGUAGUUGGUCGAUGACGACCAGCGAAUCCCUGGUGUUGUAUGU,"[[1, 118], [2, 117], [3, 116], [4, 115], [5, 114], [6, 113], [7, 112], [8, 111], [9, 110], [14, 66], [15, 65], [16, 63], [17, 62], [18, 61], [19, 60], [20, 59], [21, 58], [27, 53], [28, 52], [29, 48], [30, 47], [31, 46], [32, 45], [68, 108], [69, 107], [70, 106], [71, 105], [79, 98], [80, 97], [81, 96], [82, 95], [83, 94], [84, 93], [85, 92], [86, 91]]"
5s_Thermotoga-neapolitana-1,UCCCCGGGUGCCGAUACUGGGGCGGGAAACACCCGGUUCCAUUCCGAACCCGGCCGUUAAGCCGCCCUGGGCCGAUGGUAGUAUGGGGGCAGCCCCAUGCGAGAGUAGGUAGCGCCCGGGGAU,"[[2, 121], [3, 120], [4, 119], [5, 118], [6, 117], [7, 116], [8, 115], [9, 114], [10, 113], [11, 112], [17, 70], [18, 69], [19, 67], [20, 66], [21, 65], [24, 63], [25, 62], [31, 57], [32, 56], [33, 53], [34, 52], [35, 51], [36, 50], [72, 109], [73, 108], [75, 106], [76, 105], [81, 100], [82, 99], [86, 96], [87, 95], [88, 94], [89, 93]]"
5s_Exidia-glandulosa-1,AUCCACGGCCAUAGGACUCUGAAAGCACUGCAGCCCGUCCGAUCUGCAAAGUUAACCAGAGUACCGCUCAGUUAGUACCAUGGUGGGGGACCAUGCGGGAAUCCUGGGUGCUGUGGUU,"[[1, 118], [3, 116], [4, 115], [5, 114], [6, 113], [7, 112], [8, 111], [9, 110], [14, 65], [15, 64], [16, 62], [17, 61], [18, 60], [19, 59], [20, 58], [21, 57], [27, 52], [28, 51], [29, 48], [30, 47], [31, 46], [32, 45], [67, 108], [68, 107], [69, 106], [70, 105], [71, 104], [78, 98], [79, 97], [81, 95], [82, 94], [84, 93], [85, 92], [86, 91]]"
5s_Lactococcus-lactis-5,UUUGGUCAUCAUUGCGAUGGAGAUACACCUGUUCCCAUGUCGAACACAGAAGUUAAGUCCAUCUACGGCGGAAGUACUUGGGGGUUGCCCCCUGGGAGAUAUGCGAGUGGCCAAGU,"[[1, 115], [2, 114], [3, 113], [4, 112], [5, 111], [6, 110], [7, 109], [8, 108], [14, 66], [16, 63], [17, 62], [18, 61], [19, 60], [20, 59], [21, 58], [27, 53], [28, 52], [29, 49], [30, 48], [31, 47], [32, 46], [68, 104], [69, 103], [70, 102], [72, 100], [77, 95], [78, 94], [80, 92], [81, 91], [82, 90], [83, 89], [84, 88]]"
5s_Neurospora-crassa-15,AUAUACGACCAUACCCACUGGAAAACUCGGGAUCCCGUCCGCUCUCCCAUAGAUAAGCCAGUGAGGGCCAGACUAGUAGUUGGGUCGGUGACGACCAGCGAAUCCCUGGUGUUGUAUGU,"[[1, 119], [2, 118], [3, 117], [4, 116], [5, 115], [6, 114], [7, 113], [8, 112], [9, 111], [14, 66], [15, 65], [16, 63], [17, 62], [18, 61], [19, 60], [20, 59], [21, 58], [27, 53], [28, 52], [29, 48], [30, 47], [31, 46], [32, 45], [68, 109], [69, 108], [70, 107], [71, 106], [79, 99], [80, 98], [81, 97], [82, 96], [83, 95], [85, 94], [86, 93], [87, 92]]"
5s_Treponema-denticola-1,CAGGUGGCCAUAGUGGAGAGGUAAUACCCGUUCCCAUCCCGAACACGGAAGUCAAGCUCUCUUACGCCGAUGAUACUGCUGAUCAAGUGGGAAAGUAGGAUGCUGCCUGGC,"[[1, 109], [2, 108], [3, 107], [4, 106], [5, 105], [6, 104], [7, 103], [13, 65], [14, 64], [15, 62], [16, 61], [17, 60], [18, 59], [19, 58], [20, 57], [26, 52], [27, 51], [28, 48], [29, 47], [30, 46], [31, 45], [67, 99], [68, 98], [70, 96], [71, 95], [76, 90], [77, 89], [78, 88], [79, 87], [80, 86]]"
5s_Fusarium-cerealis-6,ACAUACGACCAUACCUACCAGAAAAUACGGGAUCCCGUCCGCUCUCCCAUAGUCAAGCUGGUAAGGGGCGGAUUAGUAGUUGGGUCGGUGACGACCAGCGAAUCCCCGCUGUUGUAUGU,"[[1, 119], [2, 118], [3, 117], [4, 116], [5, 115], [6, 114], [7, 113], [8, 112], [9, 111], [14, 66], [15, 65], [16, 63], [17, 62], [18, 61], [19, 60], [20, 59], [21, 58], [27, 53], [28, 52], [29, 48], [30, 47], [31, 46], [32, 45], [68, 109], [69, 108], [70, 107], [71, 106], [79, 99], [80, 98], [81, 97], [82, 96], [83, 95], [85, 94], [86, 93], [87, 92]]"
5s_Acidithiobacillus-ferrooxidans-2,UGCCUGGUGGCCAUAGCGAGCGGGAACCACCCGAUCCCAUUCCGAACUCGGAAGUGAAAACGCUUAGCGCCGAUGAUAGUAUGGGGUCUCCCUAUGCGAAAGUAGGACACUGCCAGGCUU,"[[2, 118], [3, 117], [4, 116], [5, 115], [6, 114], [7, 113], [8, 112], [9, 111], [10, 110], [16, 68], [17, 67], [18, 65], [19, 64], [20, 63], [21, 62], [22, 61], [29, 55], [30, 54], [31, 51], [32, 50], [33, 49], [34, 48], [70, 106], [71, 105], [73, 103], [74, 102], [79, 97], [80, 96], [81, 95], [82, 94], [83, 93], [84, 92], [85, 91], [86, 90]]"
5s_Mus-musculus-1,GUCUACGGCCAUACCACCCUGAACGCGCCCGAUCUCGUCUGAUCUCGGAAGCUAAGCAGGGUCGGGCCUGGUUAGUACUUGGAUGGGAGACCGCCUGGGAAUACCGGGUGCUGUAGGCUU,"[[1, 118], [2, 117], [3, 116], [4, 115], [5, 114], [6, 113], [7, 112], [8, 111], [9, 110], [14, 65], [15, 64], [16, 62], [17, 61], [18, 60], [19, 59], [20, 58], [21, 57], [27, 52], [28, 51], [29, 48], [30, 47], [31, 46], [32, 45], [67, 108], [68, 107], [69, 106], [70, 105], [71, 104], [72, 103], [78, 98], [79, 97], [81, 95], [82, 94], [84, 93], [85, 92], [86, 91]]"
5s_Grimontia-hollisae-1,UUGCUUGGCGACCAUAGCGCUUUGGACCCACCUGAUUCCAUGCCGAACUCAGAAGUGAAACAGAGCAGCGCCGAUGGUAGUGUGGGGUCUCCCCAUGUGAGAGUAGGACAUCGCCAGGCUU,"[[3, 119], [4, 118], [5, 117], [6, 116], [7, 115], [8, 114], [9, 113], [10, 112], [11, 111], [17, 69], [18, 68], [19, 66], [20, 65], [21, 64], [22, 63], [23, 62], [24, 61], [30, 56], [31, 55], [32, 52], [33, 51], [34, 50], [35, 49], [71, 107], [72, 106], [74, 104], [75, 103], [80, 98], [81, 97], [82, 96], [83, 95], [84, 94], [85, 93], [86, 92], [87, 91]]"
5s_Delftia-acidovorans-1,UGCCUGAUGACCAUAGCAAGUUGGUACCACUCCUUCCCAUCCCGAACAGGACAGUGAAACGACUUUGCGCCGAUGAUAGUGCGGGUUCCCGUGUGAAAGUAGGUCAUCGUCAGGC,"[[2, 115], [3, 114], [4, 113], [5, 112], [6, 111], [7, 110], [8, 109], [9, 108], [10, 107], [16, 68], [17, 67], [18, 65], [19, 64], [20, 63], [21, 62], [22, 61], [23, 60], [29, 55], [30, 54], [31, 51], [32, 50], [33, 49], [34, 48], [70, 103], [71, 102], [73, 100], [74, 99], [79, 94], [80, 93], [81, 92], [82, 91], [83, 90], [84, 89]]"
5s_Fusarium-culmorum-8,ACAUACGACCAUACCUACCAGAAAAUACGGGAUCCCGUCCGCUCUCCCAUAGUCAAGCUGGUAAGGGGCGGAUUAGUAGUUGGGUCGGUGACGACCAGCGAAUCCCCGCUGUUGUAUGU,"[[1, 119], [2, 118], [3, 117], [4, 116], [5, 115], [6, 114], [7, 113], [8, 112], [9, 111], [14, 66], [15, 65], [16, 63], [17, 62], [18, 61], [19, 60], [20, 59], [21, 58], [27, 53], [28, 52], [29, 48], [30, 47], [31, 46], [32, 45], [68, 109], [69, 108], [70, 107], [71, 106], [79, 99], [80, 98], [81, 97], [82, 96], [83, 95], [85, 94], [86, 93], [87, 92]]"
5s_Hyphomicrobium-sp.-2,GACCUGGUGAUUAUGGCGGGGUGGCUGCACCCGAUCCCAUUCCGAACUCGGCCGUGAAACGCCCCUGCGCCGAUGGUACUUCGUCUUAAGACGCGGGAGAGUAGGUCGUUGCCAGGUCU,"[[1, 118], [2, 117], [3, 116], [4, 115], [5, 114], [6, 113], [7, 112], [8, 111], [9, 110], [10, 109], [16, 68], [17, 67], [18, 65], [19, 64], [20, 63], [21, 62], [22, 61], [23, 60], [29, 55], [30, 54], [31, 51], [32, 50], [33, 49], [34, 48], [70, 105], [71, 104], [73, 102], [74, 101], [79, 96], [80, 95], [82, 93], [83, 92], [84, 91], [85, 90]]"
5s_Burkholderia-cepacia-1,GCCUGACGACCAUAGCGAGUCGGUCCCACUCCUUCCCAUCCCGAACAGGACCGUGAAACGACUCUACGCCGAUGAUAGUGCGGAUUCCCGUGUGAAAGUAGGUAAUCGUCAGGCCU,"[[1, 114], [2, 113], [3, 112], [4, 111], [5, 110], [6, 109], [7, 108], [8, 107], [9, 106], [15, 67], [17, 64], [18, 63], [19, 62], [20, 61], [21, 60], [22, 59], [28, 54], [29, 53], [30, 50], [31, 49], [32, 48], [33, 47], [69, 102], [70, 101], [72, 99], [73, 98], [78, 93], [79, 92], [80, 91], [81, 90], [82, 89], [83, 88]]"
5s_Legionella-dumoffii-1,UCCUGGCGACCAUAGCGGUUUGGAACCACCUGAUUCCAUCUCGAACUCAGAAGUGAAACGAACCCGCGCCAAUGAUAGUGUGAGGUCUCCUCAUGUGAAAGUAGGUCAUCGCCAGGGU,"[[1, 117], [2, 116], [3, 115], [4, 114], [5, 113], [6, 112], [7, 111], [8, 110], [9, 109], [15, 67], [16, 66], [17, 64], [18, 63], [19, 62], [20, 61], [21, 60], [22, 59], [28, 54], [29, 53], [30, 50], [31, 49], [32, 48], [33, 47], [69, 105], [70, 104], [72, 102], [73, 101], [78, 96], [79, 95], [80, 94], [81, 93], [82, 92], [83, 91], [84, 90], [85, 89]]"
5s_Onchocerca-cervicalis-1,GUCGACGACCAUACCACGUUGAAAGCACGACAUCUCGUCCGAUCUGUCAAGUUAAGCAACGUUGGGCCUGGUUAGUACUUGGAUCGGAGACGGCCUGGGAAUCCCAGGUGUUGUAGACAUA,"[[1, 118], [2, 117], [3, 116], [5, 114], [6, 113], [7, 112], [8, 111], [9, 110], [14, 65], [15, 64], [16, 62], [17, 61], [18, 60], [19, 59], [20, 58], [21, 57], [27, 52], [28, 51], [29, 48], [30, 47], [31, 46], [32, 45], [67, 108], [68, 107], [69, 106], [70, 105], [71, 104], [78, 98], [79, 97], [81, 95], [82, 94], [84, 93], [85, 92], [86, 91]]"
5s_Thermus-thermophilus-2,AAUCCCCCGUGCCCAUAGCGGCGUGGAACCACCCGUUCCCAUUCCGAACACGGAAGUGAAACGCGCCAGCGCCGAUGGUACUGGGCGGGCGACCGCCUGGGAGAGUAGGUCGGUGCGGGGGA,"[[3, 122], [4, 121], [5, 120], [6, 119], [7, 118], [8, 117], [9, 116], [10, 115], [11, 114], [12, 113], [18, 70], [19, 69], [20, 67], [21, 66], [22, 65], [23, 64], [24, 63], [25, 62], [31, 57], [32, 56], [33, 53], [34, 52], [35, 51], [36, 50], [72, 109], [73, 108], [75, 106], [76, 105], [81, 100], [82, 99], [83, 98], [84, 97], [85, 96], [86, 95], [87, 94], [88, 93]]"
5s_Paramecium-tetraurelia-1,GUUGGUGGCCAUACUAAGCCUAAAGCACCGGAUCCCAUUCGAACUCCGAAGUUAAGCGGCUUAAGGCGAGGUUAGUACUAAGGUGGGGGACCGCUUGGGAAGUCCUCGUGUUGACAACCC,"[[1, 118], [2, 117], [3, 116], [4, 115], [6, 113], [7, 112], [8, 111], [9, 110], [14, 65], [15, 64], [16, 62], [17, 61], [18, 60], [19, 59], [20, 58], [27, 52], [28, 51], [29, 48], [30, 47], [31, 46], [32, 45], [67, 108], [68, 107], [69, 106], [70, 105], [71, 104], [78, 98], [79, 97], [80, 96], [81, 95], [82, 94], [84, 93], [85, 92], [86, 91]]"
5s_Candida-magnoliae-1,AGCUGCGGCCAAACCCAGGUGAAUACAAGACUUCCCGUCCGAUCAGUCCUAUUUAAACACCUGAGGGCCUUACCAAGUAUUGUAGUGGGAGACCAUACGAGAACAGAAGGUGCUGCAGUU,"[[1, 120], [2, 119], [3, 118], [4, 117], [5, 116], [6, 115], [7, 114], [8, 113], [9, 112], [14, 66], [15, 65], [16, 63], [17, 62], [18, 61], [19, 60], [20, 59], [21, 58], [27, 53], [28, 52], [29, 48], [30, 47], [31, 46], [32, 45], [68, 110], [69, 109], [70, 108], [71, 107], [80, 100], [81, 99], [82, 98], [83, 97], [84, 96], [86, 95], [87, 94], [88, 93]]"
5s_Gymnosporangium-clavariaeforme-1,AUCCACGGCCAUAGGACCUUGAAAACACCGCAUCCCGUCCGAUCUGCGCAGUUAACCAGGGUGCCGCCUAGUUAGUACCACGGUGGGGGACCACGCGGGAAUCCUAGGUGCUGUGGUU,"[[1, 118], [3, 116], [4, 115], [5, 114], [6, 113], [7, 112], [8, 111], [9, 110], [14, 65], [15, 64], [16, 62], [17, 61], [18, 60], [19, 59], [20, 58], [21, 57], [27, 52], [28, 51], [29, 48], [30, 47], [31, 46], [32, 45], [67, 108], [68, 107], [69, 106], [70, 105], [71, 104], [78, 98], [79, 97], [81, 95], [82, 94], [84, 93], [85, 92], [86, 91]]"
5s_Sandaracinobacter-sibiricus-1,AGCCUUGGUCACAUGUGCCCCUGGUACCCACGCGAUCCCAUCUCGAACUCGGCCGUGAAACCAGGUAGCGCCGAUGGUACUGCCGCUUAAGCGCCGGAAGAGUAGGGUGCCGCCAAGGCU,"[[2, 119], [3, 118], [4, 117], [5, 116], [6, 115], [7, 114], [8, 113], [9, 112], [17, 69], [18, 68], [20, 65], [21, 64], [22, 63], [23, 62], [24, 61], [30, 56], [31, 55], [33, 51], [34, 50], [35, 49], [71, 106], [72, 105], [74, 103], [75, 102], [80, 97], [81, 96], [82, 95], [84, 93], [85, 92], [86, 91]]"
5s_Thiobacillus-sp.-2,GUUUGGCGGCCAUAGCGUCUUGGACCCACCCCUUCCCAUCCCGAACAGGGACGUGAAACGAGACAGCGCCGAUGAUAGUGUGGAUUACCCAUGCGAAAGUAGGUCACCGCCAGACAA,"[[1, 115], [2, 114], [3, 113], [4, 112], [5, 111], [6, 110], [7, 109], [8, 108], [9, 107], [15, 67], [16, 66], [17, 64], [18, 63], [19, 62], [20, 61], [21, 60], [22, 59], [28, 54], [29, 53], [30, 50], [31, 49], [32, 48], [33, 47], [69, 103], [70, 102], [72, 100], [73, 99], [78, 94], [79, 93], [80, 92], [81, 91], [82, 90], [83, 89]]"
5s_Methanococcus-voltae-1,UGACAUAACGGUCAUAGCGGAGGUGUAACAUCCGAUCCCAUUCCGAUCUCGGAAAUUAAGCCCUCCAGCGAUUUCUUAAGUACUGCCAUACGGUGGGAACAAGAUGACGCUGUUAGUCAC,"[[1, 119], [2, 118], [3, 117], [4, 116], [6, 115], [7, 114], [8, 113], [9, 112], [10, 111], [11, 110], [12, 109], [17, 69], [18, 68], [19, 66], [20, 65], [21, 64], [22, 63], [23, 62], [30, 56], [31, 55], [32, 52], [33, 51], [34, 50], [35, 49], [74, 104], [75, 103], [76, 102], [77, 101], [83, 96], [84, 95], [85, 94], [86, 93], [87, 92]]"
5s_Chrysaora-quinquecirrha-1,GCCUACGACCAUACCACCAUGAGUAUACCGGUUCUCGUCCGAUCACCGGAGUCAAGCAUGGUCGGGCCGGGUCAGUACCUGGAUGGGUGACCGCCUGGGAACACCUGGUGUUGUAGGCCU,"[[1, 118], [2, 117], [3, 116], [4, 115], [5, 114], [6, 113], [7, 112], [8, 111], [9, 110], [14, 65], [15, 64], [16, 62], [17, 61], [18, 60], [19, 59], [20, 58], [21, 57], [27, 52], [28, 51], [29, 48], [30, 47], [31, 46], [32, 45], [67, 108], [68, 107], [69, 106], [70, 105], [71, 104], [72, 103], [78, 98], [79, 97], [81, 95], [82, 94], [84, 93], [85, 92], [86, 91]]"
5s_Xenopus-borealis-3,CCCUGCGGCUACACCCCCCUGAAAGAGCCUGAUCUUGUCUGAUCUCAGAAGCCAUGCGGGGCCGACCCUGGUUAGUACCUGGAUGGGAGACCACCUGGGAAUACAAGGUGUUGUAGUCUU,"[[3, 116], [4, 115], [5, 114], [6, 113], [7, 112], [8, 111], [9, 110], [15, 64], [17, 61], [18, 60], [19, 59], [20, 58], [21, 57], [27, 52], [28, 51], [29, 48], [30, 47], [31, 46], [32, 45], [67, 108], [68, 107], [69, 106], [71, 104], [72, 103], [78, 98], [79, 97], [81, 95], [82, 94], [84, 93], [85, 92], [86, 91]]"
5s_Bacillus-megaterium-1,UCUGGUGGCGAUAGCGAAGAGGUCACACCCGUUCCCAUACCGAACACGGAAGUUAAGCUCUUUAGCGCCAAUGGUAGUUGGGACUUUGUCCCUGUGAGAGUAGGACGUUGCCAGGC,"[[1, 115], [2, 114], [3, 113], [4, 112], [5, 111], [6, 110], [7, 109], [8, 108], [14, 66], [15, 65], [16, 63], [17, 62], [18, 61], [19, 60], [20, 59], [21, 58], [27, 53], [28, 52], [29, 49], [30, 48], [31, 47], [32, 46], [68, 104], [69, 103], [71, 101], [72, 100], [77, 95], [78, 94], [80, 92], [81, 91], [82, 90], [83, 89], [84, 88]]"
5s_Yersinia-pseudotuberculosis-3,UGCCUGGCGGCCAUAGCGCGGUGGUCCCACCUGAUCCCAUGCCGAAUUCAGAAGUGAAACGCCGUAGCGCCGAUGGUAGUGUGGGGUCUCCCCAUGCGAGAGUAGGACACUGCCAGGCAU,"[[1, 119], [2, 118], [3, 117], [4, 116], [5, 115], [6, 114], [7, 113], [8, 112], [9, 111], [10, 110], [16, 68], [17, 67], [18, 65], [19, 64], [20, 63], [21, 62], [22, 61], [23, 60], [29, 55], [30, 54], [31, 51], [32, 50], [33, 49], [34, 48], [70, 106], [71, 105], [73, 103], [74, 102], [79, 97], [80, 96], [81, 95], [82, 94], [83, 93], [84, 92], [85, 91], [86, 90]]"
5s_Vibrio-fischeri-2,UGCUUAGCGACCAUAGCGUUAUGGACCCACCUGAUCCCAUGCCGAACUCAGAAGUGAAACGUAAUAGCGCCGAUGGUAGUGUGGGGUUUCCCCAUGUGAGAGUAGGACAUCGCUAGGCU,"[[2, 118], [3, 117], [4, 116], [5, 115], [6, 114], [7, 113], [8, 112], [9, 111], [10, 110], [16, 68], [17, 67], [18, 65], [19, 64], [20, 63], [21, 62], [22, 61], [23, 60], [29, 55], [30, 54], [31, 51], [32, 50], [33, 49], [34, 48], [70, 106], [71, 105], [73, 103], [74, 102], [79, 97], [80, 96], [81, 95], [82, 94], [83, 93], [84, 92], [85, 91], [86, 90]]"
5s_Pichia-jadinii-1,GGUUGCGGCCAUAUCUAGCAGAAAGCACCGUUUCCCGUCCGAUCAACUGUAGUUAAGCUGCUAAGAGCCUGAUCGAGUAGUGUAGUGGGUGACCAUACGCGAAACUCAGGUGCUGCAAUCU,"[[1, 120], [2, 119], [3, 118], [4, 117], [5, 116], [6, 115], [7, 114], [8, 113], [9, 112], [14, 66], [15, 65], [16, 63], [17, 62], [18, 61], [19, 60], [20, 59], [21, 58], [27, 53], [28, 52], [30, 47], [31, 46], [32, 45], [68, 110], [69, 109], [70, 108], [71, 107], [72, 106], [80, 100], [81, 99], [82, 98], [83, 97], [84, 96], [86, 95], [87, 94], [88, 93]]"
5s_Meloidogyne-artiellia-1,GCUUACGACCAUACCACGUUGAAAACACGGCAUCCCGUCCGAUCUGGCAAGUUAAGCAACGCUGGGCCUCCUUAGUACUUGGAACGGAGACGUCCUGGGAAUCGGGGGUGUCGUAAGC,"[[1, 118], [2, 117], [3, 116], [4, 115], [5, 114], [6, 113], [7, 112], [8, 111], [9, 110], [14, 65], [15, 64], [17, 61], [18, 60], [19, 59], [20, 58], [21, 57], [27, 52], [28, 51], [29, 48], [31, 46], [32, 45], [67, 108], [68, 107], [69, 106], [70, 105], [71, 104], [78, 98], [79, 97], [81, 95], [82, 94], [84, 93], [85, 92], [86, 91]]"
5s_Emericella-nidulans-1,ACAUACGACCAUAGGGUGUGGAGAACAGGGCUUCCCGUCCGCUCAGCCGUACUUAAGCCACACGCCGGUAGGUUAGUAGUAUGGUGGGUGACCACAUGCGAAUCCCUACUGUUGUAUGU,"[[1, 119], [2, 118], [3, 117], [4, 116], [5, 115], [6, 114], [7, 113], [8, 112], [9, 111], [14, 66], [15, 65], [16, 63], [17, 62], [18, 61], [19, 60], [20, 59], [21, 58], [27, 53], [28, 52], [29, 48], [30, 47], [31, 46], [32, 45], [68, 109], [69, 108], [70, 107], [71, 106], [72, 105], [79, 99], [80, 98], [81, 97], [82, 96], [83, 95], [85, 94], [86, 93], [87, 92]]"
5s_Spirobolus-sp-1,GUCAACGGCCAUACUACGUUGAAAACACCAGUUCUCGUCUGAUCACUGAAGUUAAGCAACGUCGGGCCCAGUCAGUACCUGGAUGGGUGACCGCCUGGGAAUACUGGGUGCUGUUGGCAUU,"[[1, 118], [2, 117], [3, 116], [4, 115], [5, 114], [6, 113], [7, 112], [8, 111], [9, 110], [14, 65], [15, 64], [16, 62], [17, 61], [18, 60], [19, 59], [20, 58], [21, 57], [27, 52], [28, 51], [29, 48], [30, 47], [31, 46], [32, 45], [67, 108], [68, 107], [69, 106], [70, 105], [71, 104], [72, 103], [78, 98], [79, 97], [81, 95], [82, 94], [84, 93], [85, 92], [86, 91]]"
5s_Rhodospirillum-rubrum-1,UGGCCUGGUGGUCAUUGCGGGCUCGAAACACCCGAUCCCAUCCCGAACUCGGCCGUGAAAGAGCCCUGCGCCAAUGGUACUGCGUCUUAAGGCGUGGGAGAGUAGGUCGCCGCCAGGCCU,"[[2, 119], [3, 118], [4, 117], [5, 116], [6, 115], [7, 114], [8, 113], [9, 112], [10, 111], [11, 110], [17, 69], [18, 68], [19, 66], [20, 65], [21, 64], [22, 63], [23, 62], [24, 61], [30, 56], [31, 55], [32, 52], [33, 51], [34, 50], [35, 49], [71, 106], [72, 105], [74, 103], [75, 102], [80, 97], [81, 96], [82, 95], [83, 94], [84, 93], [85, 92], [86, 91]]"
5s_Dryopteris-acuminata-1,GUGGUGCGGUCAUACCAGCGCUAAUGCACCGGAUCCCAUCAGAACUCCGAAGUUAAGCGCGCUUGGGCCAGAACAGUACUGGGAUGGGUGACCUCCCGGGAAGUCCUGGUGCUGCACCCUU,"[[1, 119], [3, 118], [4, 117], [5, 116], [6, 115], [7, 114], [8, 113], [9, 112], [10, 111], [15, 66], [16, 65], [17, 63], [18, 62], [19, 61], [20, 60], [21, 59], [28, 53], [29, 52], [30, 49], [31, 48], [32, 47], [33, 46], [68, 109], [69, 108], [70, 107], [71, 106], [73, 104], [79, 99], [80, 98], [81, 97], [82, 96], [83, 95], [86, 93], [87, 92]]"
5s_Tilletiaria-anomala-1,AUCCGCGGCCAUAGGAUCAGGAAAGCACCGCAUCCCGUCCGAUCUGCGAAGUUAAGCCUGAUACCGCCGAGUUAGUACUAAGGUAGGGGACUACUUGGGAAUCCUGGGUGCUGCGGUU,"[[1, 118], [3, 116], [4, 115], [5, 114], [6, 113], [7, 112], [8, 111], [9, 110], [14, 65], [15, 64], [16, 62], [17, 61], [18, 60], [19, 59], [20, 58], [21, 57], [27, 52], [28, 51], [29, 48], [30, 47], [31, 46], [32, 45], [67, 108], [68, 107], [70, 105], [71, 104], [78, 98], [79, 97], [80, 96], [81, 95], [82, 94], [84, 93], [85, 92], [86, 91]]"
5s_Tetrahymena-thermophila-1,GUUGUCGGCCAUACUAAGGUGAAAACACCGGAUCCCAUUCGAACUCCGAAGUUAAGCGCCUUAAGGCUGGGUUAGUACUAAGGUGGGGGACCGCUUGGGAAGUCCCAGUGUCGAUAGCCU,"[[1, 118], [2, 117], [3, 116], [4, 115], [5, 114], [6, 113], [7, 112], [8, 111], [9, 110], [14, 65], [15, 64], [16, 62], [17, 61], [18, 60], [19, 59], [20, 58], [21, 57], [27, 52], [28, 51], [29, 48], [30, 47], [31, 46], [32, 45], [67, 108], [68, 107], [69, 106], [70, 105], [71, 104], [78, 98], [79, 97], [80, 96], [81, 95], [82, 94], [84, 93], [85, 92], [86, 91]]"
5s_Fusarium-lunulosporum-6,ACAUACGACCAUACCUACCAGAAUAUACGGGAUCCCGUCCGCUCUCCCAUAGUCAAGCUGGUAAGGGGCGGAUUAGUAGUUGGGUCGGUGACGACCAGCGAAUCCCCGCUGUUGUAUGU,"[[1, 119], [2, 118], [3, 117], [4, 116], [5, 115], [6, 114], [7, 113], [8, 112], [9, 111], [14, 66], [15, 65], [16, 63], [17, 62], [18, 61], [19, 60], [20, 59], [21, 58], [27, 53], [28, 52], [29, 48], [30, 47], [31, 46], [32, 45], [68, 109], [69, 108], [70, 107], [71, 106], [79, 99], [80, 98], [81, 97], [82, 96], [83, 95], [85, 94], [86, 93], [87, 92]]"
5s_Bombyx-mori-3,GCCAACGUCCAUACCAUGUUGAAUACACCGGUUCUCGUCCGAUCACCGAAGUCAAGCAACAUCGGGCGUAGUCAGUACUUGGAUGGGUGACCGCCUGGGAACACUACGUGAUGUUGGCUU,"[[1, 118], [2, 117], [3, 116], [4, 115], [5, 114], [6, 113], [7, 112], [8, 111], [9, 110], [14, 65], [15, 64], [16, 62], [17, 61], [18, 60], [19, 59], [20, 58], [21, 57], [27, 52], [28, 51], [29, 48], [30, 47], [31, 46], [32, 45], [67, 108], [68, 107], [69, 106], [70, 105], [71, 104], [72, 103], [78, 98], [79, 97], [81, 95], [82, 94], [84, 93], [85, 92], [86, 91]]"
5s_Fusarium-pseudograminearum-6,ACAUACGACCAUACCUACCAGAAAAUACGGGAUCCCGUCCGCUCUCCCAUAGUCAAGCUGGUAAGGGGCGGAUUAGUAGUUGGGUCGGUGACGACCAGCGAAUCCCCGCUGUUGUAUGU,"[[1, 119], [2, 118], [3, 117], [4, 116], [5, 115], [6, 114], [7, 113], [8, 112], [9, 111], [14, 66], [15, 65], [16, 63], [17, 62], [18, 61], [19, 60], [20, 59], [21, 58], [27, 53], [28, 52], [29, 48], [30, 47], [31, 46], [32, 45], [68, 109], [69, 108], [70, 107], [71, 106], [79, 99], [80, 98], [81, 97], [82, 96], [83, 95], [85, 94], [86, 93], [87, 92]]"
5s_Caulobacter-crescentus-1,CGACCUGGUGGCUAUGCCGGGGGUUACCCACCCGAUCCCAUUCCGAACUCGGUCGUUAAGUCCCCCUGGGCCAAUGGUACUUCGUCUCAAGGCGCGGGAGAGUAGGUCGCCGCCAGGCC,"[[2, 119], [4, 117], [5, 116], [6, 115], [7, 114], [8, 113], [9, 112], [10, 111], [11, 110], [17, 69], [18, 68], [19, 66], [20, 65], [21, 64], [22, 63], [23, 62], [30, 56], [31, 55], [32, 52], [33, 51], [34, 50], [35, 49], [71, 106], [72, 105], [74, 103], [75, 102], [80, 97], [81, 96], [83, 94], [84, 93], [85, 92], [86, 91]]"
5s_Candida-azyma-1,GCCUACGGUCAUAUCAAUGCGAAUAUACGAUUUCCCGUCUGAUCAAUCAUAGUCAAACGCGUUAGAGCCACAUUCAGUAUUACGGUGGGAGACCACGUGAGAACGGGUGGUACUGAAGGU,"[[1, 120], [2, 119], [3, 118], [4, 117], [6, 115], [7, 114], [8, 113], [9, 112], [14, 66], [15, 65], [16, 63], [17, 62], [18, 61], [19, 60], [20, 59], [21, 58], [27, 53], [28, 52], [29, 48], [30, 47], [31, 46], [32, 45], [68, 110], [69, 109], [70, 108], [71, 107], [73, 105], [80, 100], [81, 99], [82, 98], [83, 97], [84, 96], [86, 95], [87, 94], [88, 93]]"
5s_Mycoplasma-haemofelis-1,GACUUGGUGGUUAUGGCGGAGUGAAUGCACCCGAUCCCAUCCCGAACUCGGCCGUGAAACGCUCCAGCGCUGAUGGUACUUCGCCUCAAGGCACGGGAGAGUAAGUCGCUGCCAGGUCU,"[[1, 118], [2, 117], [3, 116], [4, 115], [5, 114], [6, 113], [7, 112], [8, 111], [9, 110], [10, 109], [16, 68], [17, 67], [18, 65], [19, 64], [20, 63], [21, 62], [22, 61], [23, 60], [29, 55], [30, 54], [31, 51], [32, 50], [33, 49], [34, 48], [70, 105], [71, 104], [73, 102], [74, 101], [79, 96], [80, 95], [83, 92], [84, 91], [85, 90]]"
5s_Chlamydomonas-reinhardtii-2,AUGGAUUGCUUAUACCUUUAUGAAAACUCCCCAUCCCAUUAGCACUGGGAAGAUAAGUAUGAAUGGGCUGAAUCAGUAGUACGGUGGGGGACCACGUGCGAACCCUCAGUGACGACCUGUU,"[[3, 117], [4, 116], [6, 115], [7, 114], [8, 113], [10, 111], [15, 66], [16, 65], [17, 63], [18, 62], [19, 61], [20, 60], [21, 59], [22, 58], [28, 53], [29, 52], [30, 49], [31, 48], [32, 47], [33, 46], [68, 109], [69, 108], [70, 107], [71, 106], [79, 99], [80, 98], [81, 97], [82, 96], [83, 95], [85, 94], [86, 93], [87, 92]]"
5s_Locusta-migratoria-1,GCCAACGGCCAUACCACGUUGAAUACACCGGUUCUCGUCCGAUCAGCGAAGUUAAGCAACGUUGGGCCCGGUUAGUACUUGGAUGGGUGACCGCCUGGGAACACCGGGUGCUGUUGGCCC,"[[1, 118], [2, 117], [3, 116], [4, 115], [5, 114], [6, 113], [7, 112], [8, 111], [9, 110], [14, 65], [15, 64], [16, 62], [17, 61], [18, 60], [19, 59], [20, 58], [21, 57], [27, 52], [28, 51], [29, 48], [30, 47], [32, 45], [67, 108], [68, 107], [69, 106], [70, 105], [71, 104], [72, 103], [78, 98], [79, 97], [81, 95], [82, 94], [84, 93], [85, 92], [86, 91]]"
5s_Anaplasma-phagocytophilum-1,GGCUGGUGGUAAUGGCAGGAGUGAAACACCCGGUAACAUUCCGAACCCGGAAGUUAAGCCUCCUAGCGCCUGUGGUACUUUGUCUUAAGACAUGGGAGAGAGGGUCGCUGCCAGCCAA,"[[2, 116], [3, 114], [4, 113], [5, 112], [6, 111], [7, 110], [8, 109], [9, 108], [15, 67], [16, 66], [17, 64], [18, 63], [19, 62], [20, 61], [21, 60], [28, 54], [29, 53], [30, 50], [31, 49], [32, 48], [33, 47], [69, 104], [70, 103], [71, 102], [73, 100], [78, 95], [79, 94], [81, 92], [82, 91], [83, 90], [84, 89]]"
5s_Phascolopsis-gouldii-1,GCCUACGACCAUACCACGUUGAAAACACCAGUUCUCGUCCGAUCACUGAAGUUAAGCAACGUCGGGCCAGGUUAGUACUUGGAUGGGUGACCGCCUGGGAAUACCUGGUGUUGUAGGCUU,"[[1, 118], [2, 117], [3, 116], [4, 115], [5, 114], [6, 113], [7, 112], [8, 111], [9, 110], [14, 65], [15, 64], [16, 62], [17, 61], [18, 60], [19, 59], [20, 58], [21, 57], [27, 52], [28, 51], [29, 48], [30, 47], [31, 46], [32, 45], [67, 108], [68, 107], [69, 106], [70, 105], [71, 104], [72, 103], [78, 98], [79, 97], [81, 95], [82, 94], [84, 93], [85, 92], [86, 91]]"
5s_Mycobacterium-tuberculosis-2,GUUACGGCGGCCACAGCGGCAGGGAAACGCCCGGUCCCAUUCCGAACCCGGAAGCUAAGCCUGCCAGCGCCGAUGAUACUGCCCCUCCGGGUGGAAAAGUAGGACACCGCCGAACA,"[[1, 115], [2, 114], [3, 113], [5, 112], [6, 111], [7, 110], [8, 109], [9, 108], [10, 107], [16, 68], [17, 67], [18, 65], [19, 64], [20, 63], [21, 62], [22, 61], [23, 60], [29, 55], [30, 54], [31, 51], [32, 50], [33, 49], [34, 48], [70, 103], [71, 102], [73, 100], [74, 99], [79, 94], [80, 93], [81, 92], [82, 91], [83, 90], [84, 89]]"
5s_Escherichia-coli-11,UGCCUGGCGGCAGUAGCGCGGUGGUCCCACCUGACCCCAUGCCGAACUCAGAAGUGAAACGCCGUAGCGCCGAUGGUAGUGUGGGGUCUCCCCAUGCGAGAGUAGGGAACUGCCAGGCAUCA,"[[1, 119], [2, 118], [3, 117], [4, 116], [5, 115], [6, 114], [7, 113], [8, 112], [9, 111], [10, 110], [16, 68], [17, 67], [18, 65], [19, 64], [20, 63], [21, 62], [22, 61], [23, 60], [29, 55], [30, 54], [31, 51], [32, 50], [33, 49], [34, 48], [70, 106], [71, 105], [73, 103], [74, 102], [79, 97], [80, 96], [81, 95], [82, 94], [83, 93], [84, 92], [85, 91], [86, 90]]"
5s_Farysia-thuemenii-1,AUCUGCAACCAUAGGAUCAUGAAAGCACCGCAUCCCGUCCGAUCUGCGAAGUUAACCAUGAUACCGGCUUGGAAGUACUGCGGUGGGGGACCACGCGGGAAUGCGAGCUGUUGCAGUU,"[[1, 118], [3, 116], [4, 115], [5, 114], [6, 113], [7, 112], [8, 111], [9, 110], [14, 65], [15, 64], [16, 62], [17, 61], [18, 60], [19, 59], [20, 58], [21, 57], [27, 52], [28, 51], [29, 48], [30, 47], [31, 46], [32, 45], [67, 108], [68, 107], [69, 106], [70, 105], [71, 104], [78, 98], [79, 97], [80, 96], [81, 95], [82, 94], [84, 93], [85, 92], [86, 91]]"
5s_Streptococcus-pyogenes-4,UUAAGUGACGAUAGCCUAGGAGAUACACCUGUACCCAUGCCGAACACAGCAGUUAAGCCCUAGAACGCCUGAUGUAGUUGGGGGUUGCCCCCUGUGAGAUAAGGUAGUCGCUUAGC,"[[1, 115], [2, 114], [3, 113], [4, 112], [5, 111], [6, 110], [7, 109], [8, 108], [14, 66], [16, 63], [17, 62], [18, 61], [19, 60], [20, 59], [27, 53], [28, 52], [29, 49], [30, 48], [31, 47], [32, 46], [68, 104], [69, 103], [70, 102], [72, 100], [77, 95], [78, 94], [80, 92], [81, 91], [82, 90], [83, 89], [84, 88]]"
5s_Pedinomonas-minor-1,GUGAUGCGUUCAUACUACUUCGAAAGCACCCGAUCCCAUCAGAACUCGGAAGUUAAGCGGAGUUAGGCCGGUCUAGUACUGAGUUGAGUGAUCACUCGGGAAUCACCGGUGACGCAUUGC,"[[3, 117], [6, 115], [7, 114], [8, 113], [9, 112], [10, 111], [15, 66], [16, 65], [17, 63], [18, 62], [19, 61], [20, 60], [21, 59], [22, 58], [28, 53], [29, 52], [30, 49], [31, 48], [32, 47], [33, 46], [68, 109], [69, 108], [70, 107], [71, 106], [72, 105], [79, 99], [80, 98], [81, 97], [82, 96], [83, 95], [85, 94], [86, 93], [87, 92]]"
5s_Gluconacetobacter-xylinus-1,AGACCUGGUGGCAAUGGCGGGGAAUAUCCACCCGAUCCCAUCCCGAACUCGGCCGUGAAAUGCCCCAGCGCCCAUGAUACUGUGCCUUAAGGCACGGGAAAGUCGGUCGCCGCCAGGUCU,"[[2, 119], [3, 118], [4, 117], [5, 116], [6, 115], [7, 114], [8, 113], [9, 112], [10, 111], [11, 110], [17, 69], [18, 68], [19, 66], [20, 65], [21, 64], [22, 63], [24, 61], [30, 56], [31, 55], [32, 52], [33, 51], [34, 50], [35, 49], [71, 106], [72, 105], [74, 103], [75, 102], [80, 97], [81, 96], [82, 95], [83, 94], [84, 93], [85, 92], [86, 91]]"
5s_Candidatus-Tremblaya-princeps-5,AGUCCUGACGCGCCAUGAUGCUGGACCCACAGCUGCCCAUUCCGAACAGAAAUGUGACACAGCGCGCGGCCGAUGAUAGUGCCGGCGUGCCCGGUGCGAAAGCAGGUUAUGUCAGGA,"[[3, 117], [4, 116], [5, 115], [6, 114], [7, 113], [8, 112], [9, 111], [10, 110], [16, 68], [17, 67], [19, 64], [20, 63], [21, 62], [22, 61], [23, 60], [29, 55], [30, 54], [33, 49], [34, 48], [70, 106], [71, 105], [74, 102], [79, 97], [80, 96], [81, 95], [82, 94], [83, 93], [84, 92], [85, 91]]"
5s_Mycoplasma-penetrans-1,CAGUGUUAAUAUUGUAGUGGAAACACCUGUUCCCAUCCCGAACACAGAAGUUAAGCACUAUGAAGCCAAAGGUAGCUUUUGCAAGAAUAGGAAGAUGCUGCUU,"[[1, 100], [2, 99], [3, 98], [4, 97], [5, 96], [6, 95], [12, 64], [13, 63], [14, 61], [15, 60], [16, 59], [17, 58], [18, 57], [19, 56], [25, 51], [26, 50], [27, 47], [28, 46], [29, 45], [30, 44], [66, 91], [67, 90], [69, 88], [75, 82], [76, 81]]"
5s_Enchytraeus-albidus-1,GUCUACGGCCAUACCACGUUGAAAGCACCGGUUCUCGUCCGAUCACCGAAGUUAAGCAACGUCGGGCCCGGUUAGUACUUGGAUGGGUGACCGCCUGGGAAUACCGGGUGCUGUAGACUU,"[[1, 118], [2, 117], [3, 116], [4, 115], [5, 114], [6, 113], [7, 112], [8, 111], [9, 110], [14, 65], [15, 64], [16, 62], [17, 61], [18, 60], [19, 59], [20, 58], [21, 57], [27, 52], [28, 51], [29, 48], [30, 47], [31, 46], [32, 45], [67, 108], [68, 107], [69, 106], [70, 105], [71, 104], [72, 103], [78, 98], [79, 97], [81, 95], [82, 94], [84, 93], [85, 92], [86, 91]]"
5s_Chordaria-flagelliformis-1,AGGAACGGCCAUACCACGCCGAUCGCACCAUAUCCCGUCCGCUCUGUGAAGUUAAGCGGCGUCGGGCCAGGCUAGUACUACGGUGGGGGACCACGUGGGAAGCCCUGGUGCUGUUCCU,"[[1, 118], [2, 117], [3, 116], [4, 115], [5, 114], [6, 113], [7, 112], [8, 111], [9, 110], [14, 65], [15, 64], [16, 62], [17, 61], [18, 60], [19, 59], [20, 58], [21, 57], [27, 52], [28, 51], [29, 48], [30, 47], [31, 46], [32, 45], [67, 108], [68, 107], [69, 106], [70, 105], [71, 104], [78, 98], [79, 97], [80, 96], [81, 95], [82, 94], [84, 93], [85, 92], [86, 91]]"
5s_Fusarium-cerealis-1,ACAUACGACCACACCUGCGAGAAAAUACGGGAUCCCGUCCGCUCUCCCAUCGUCAAGCUCGCAAGGGGUGGAUUAGUAGUUGGGUCGGUGACGACCAGCGAAUACCCGCUGUUGUAUGU,"[[1, 119], [2, 118], [3, 117], [4, 116], [5, 115], [6, 114], [7, 113], [8, 112], [9, 111], [14, 66], [15, 65], [16, 63], [17, 62], [18, 61], [19, 60], [20, 59], [21, 58], [27, 53], [28, 52], [29, 48], [30, 47], [31, 46], [32, 45], [68, 109], [69, 108], [70, 107], [71, 106], [73, 104], [79, 99], [80, 98], [81, 97], [82, 96], [83, 95], [85, 94], [86, 93], [87, 92]]"
5s_Perkinsus-olseni-1,GCCAGCGGCCAUACUGCGUCGAAUACACCGGAUCCCAUCCGAACUCCGAAGUUAAGCGGCGCAAGGCCCGGAUAGUACUGGGGUGGGGGACCGCCCGGGAAGUCCUUAGGGUGCUGCUGGCUUC,"[[1, 121], [2, 120], [3, 119], [4, 118], [5, 117], [6, 116], [7, 115], [8, 114], [9, 113], [14, 65], [15, 64], [16, 62], [17, 61], [18, 60], [19, 59], [20, 58], [21, 57], [27, 52], [28, 51], [29, 48], [30, 47], [31, 46], [32, 45], [67, 111], [68, 110], [69, 109], [70, 105], [71, 104], [72, 103], [78, 98], [79, 97], [80, 96], [81, 95], [82, 94], [84, 93], [85, 92], [86, 91]]"
5s_Agrobacterium-vitis-1,GACCUGGUGGUCAUGGCGGGGCGGCCGCACCCGUUCCCAUUCCGAACACGGCCGUGAAACGCCCCUGCGCCAAUGGUACUUCGUCUUAAGACGCGGGAGAGUAGGUCGCUGCCAGGUCU,"[[1, 118], [2, 117], [3, 116], [4, 115], [5, 114], [6, 113], [7, 112], [8, 111], [9, 110], [10, 109], [16, 68], [17, 67], [18, 65], [19, 64], [20, 63], [21, 62], [22, 61], [23, 60], [29, 55], [30, 54], [31, 51], [32, 50], [33, 49], [34, 48], [70, 105], [71, 104], [73, 102], [74, 101], [79, 96], [80, 95], [82, 93], [83, 92], [84, 91], [85, 90]]"
5s_Staphylococcus-haemolyticus-2,UCUGGUGACAAUGGCAAGGAGGUCACACCUGUUCUCAUGCCGAACACAGAAGUUAAGCUCCUUAGCGCCGAUGGUAGUUGGAUUUACGUUCCGCUAGAGUAGGACGUUGCCAGGC,"[[1, 114], [2, 113], [3, 112], [4, 111], [5, 110], [6, 109], [7, 108], [8, 107], [14, 66], [15, 65], [16, 63], [17, 62], [18, 61], [19, 60], [20, 59], [21, 58], [27, 53], [28, 52], [29, 49], [30, 48], [31, 47], [32, 46], [68, 103], [69, 102], [71, 100], [72, 99], [77, 94], [78, 93], [80, 91], [81, 90], [82, 89], [83, 88]]"
5s_Corynebacterium-xerosis-2,CGUGUCGGUGGUUAUAGCGGUGGGGUCACGCCCGGUCCCAUUCCGAACCCGGAAGCUAAGCCCACCUGCGCCGAUGGUACUGCACCUGGGAGGGUGUGGGAGAGUAGGUCACCGCCGGCCA,"[[4, 119], [5, 118], [6, 117], [7, 116], [8, 115], [9, 114], [10, 113], [11, 112], [17, 69], [18, 68], [19, 66], [20, 65], [21, 64], [22, 63], [23, 62], [24, 61], [30, 56], [31, 55], [32, 52], [33, 51], [34, 50], [35, 49], [71, 108], [72, 107], [74, 105], [75, 104], [80, 99], [81, 98], [82, 97], [83, 96], [84, 95], [85, 94], [86, 93], [87, 92]]"
5s_Rhodococcus-fascians-1,GUUACGGCGGCCAUAGCGGAGGGGAAACCGCCCGGUCCCAUUCCGAACCCGGAAGCUAAGCCCUCCAGCGCCGAUGGUACUGCACUCGACAGGGUGUGGGAGAGUAGGACACCGCCGAACU,"[[1, 120], [2, 119], [3, 118], [5, 117], [6, 116], [7, 115], [8, 114], [9, 113], [10, 112], [16, 69], [17, 68], [18, 66], [19, 65], [20, 64], [21, 63], [22, 62], [23, 61], [32, 52], [33, 51], [34, 50], [35, 49], [71, 108], [72, 107], [74, 105], [75, 104], [80, 99], [81, 98], [82, 97], [83, 96], [84, 95], [85, 94], [86, 93], [87, 92]]"
5s_Brevibacillus-brevis-1,UCUGGUGAUGAUGGCGGAGGGGACACACCCGUUCCCAUACCGAACACGGCCGUUAAGCCCUCCAGCGCCAAUGGUACUUGCUCCGCAGGGAGCCGGGAGAGUAGGACGUCGCCAGGC,"[[1, 116], [2, 115], [3, 114], [4, 113], [5, 112], [6, 111], [7, 110], [8, 109], [14, 66], [15, 65], [16, 63], [17, 62], [18, 61], [19, 60], [20, 59], [21, 58], [27, 53], [28, 52], [29, 49], [30, 48], [31, 47], [32, 46], [68, 105], [69, 104], [71, 102], [72, 101], [77, 96], [78, 95], [80, 93], [81, 92], [82, 91], [83, 90], [84, 89]]"
5s_Cryptococcus-neoformans-2,AUCCACGGCCAUAGCCUUCAUACAGCACCCUGCCCCGUCCGAUCCAGGAAGUUAAGCUGAAGAGCGCUCGGUUAGUACCACGGUGGGGGACCACGUGGGAAUCCCGGGUGCCGUGGU,"[[3, 116], [4, 115], [5, 114], [6, 113], [7, 112], [8, 111], [9, 110], [14, 65], [15, 64], [16, 62], [17, 61], [18, 60], [19, 59], [20, 58], [27, 52], [28, 51], [29, 48], [30, 47], [31, 46], [32, 45], [67, 108], [68, 107], [69, 106], [70, 105], [71, 104], [78, 98], [79, 97], [80, 96], [81, 95], [82, 94], [84, 93], [85, 92], [86, 91]]"
5s_Coxiella-burnetii-1,UUCCUGGCGGCCAUAGCGAGCGGGCCCCACCUGAUUCCAUUCCGAACUCAGAAGUGAAAACGCUUAGCGCCGAUGAUAGUGUGGGUCUCCCAUGCGAAAGUAGGUCACCGCCAGGUU,"[[3, 115], [4, 114], [5, 113], [6, 112], [7, 111], [8, 110], [9, 109], [10, 108], [16, 68], [17, 67], [18, 65], [19, 64], [20, 63], [21, 62], [22, 61], [29, 55], [30, 54], [31, 51], [32, 50], [33, 49], [34, 48], [70, 104], [71, 103], [73, 101], [74, 100], [79, 95], [80, 94], [81, 93], [82, 92], [83, 91], [84, 90], [85, 89]]"
5s_Beggiatoa-alba-1,UUCUUGGCGACCAUAGCAAAUAGGAACCACCCGACCCCAUCCCGAACUCGGUAGUGAAACUGUUCUGCGCCGAUGAUAGUGUGGAUACUCUCCAUGUGAAAGUAGGUUAUCGCCAAGAGC,"[[1, 119], [2, 118], [3, 117], [4, 116], [5, 115], [6, 114], [7, 113], [8, 112], [9, 111], [10, 110], [16, 68], [17, 67], [19, 64], [20, 63], [21, 62], [22, 61], [23, 60], [29, 55], [30, 54], [31, 51], [32, 50], [33, 49], [34, 48], [70, 106], [71, 105], [73, 103], [74, 102], [79, 97], [80, 96], [81, 95], [82, 94], [83, 93], [84, 92], [85, 91]]"
5s_Acidiphilium-cryptum-1,CGACCUGGUGGCCAUUGCGGGGAGCCUGCACCCGAUCCCAUCCCGAACUCGGCCGUGAAAAUCCCCAGCGCCCAUGGUACUGUGCCUCAAGGCACGGGAGAGUAGGUCGCCGCCAGGUCCUC,"[[2, 119], [3, 118], [4, 117], [5, 116], [6, 115], [7, 114], [8, 113], [9, 112], [10, 111], [11, 110], [17, 69], [18, 68], [19, 66], [20, 65], [21, 64], [22, 63], [23, 62], [30, 56], [31, 55], [32, 52], [33, 51], [34, 50], [35, 49], [71, 106], [72, 105], [74, 103], [75, 102], [80, 97], [81, 96], [82, 95], [83, 94], [84, 93], [85, 92], [86, 91]]"
5s_Cyanidium-caldarium-1,ACGUUCGGUCAUACUAGUGACACAUGCGCCUGAACCCAUUUCGAAUUCAGAAGCUAAGCGCCCUCAGGCUUGGUUAGUACUGAGGUGAGGGAUCCACUCGGGAACCCCAAGUGCCGUACGUUUU,"[[1, 121], [2, 120], [3, 119], [4, 118], [6, 116], [7, 115], [8, 114], [9, 113], [14, 67], [15, 66], [16, 64], [17, 63], [19, 62], [21, 60], [28, 54], [29, 53], [30, 50], [31, 49], [32, 48], [33, 47], [69, 111], [70, 110], [71, 109], [72, 108], [73, 107], [80, 101], [81, 100], [82, 99], [83, 98], [84, 97], [86, 96], [87, 94], [88, 93]]"
5s_Sulfolobus-tokodaii-1,GCCCACUCGGCCAUAGUGGGCGGGUAACACCCGGACUCGUCUCGAACCCGGAAGUUAAGCCGCCCACGUUAGAAGGGCCGUGGGAUCCGCGAGGACCCGCAGCCCUUCUAAGCCGAGAUGGGCUUC,"[[1, 123], [2, 122], [3, 121], [4, 120], [5, 119], [6, 117], [7, 116], [8, 115], [9, 114], [10, 113], [11, 112], [16, 67], [17, 66], [18, 64], [19, 63], [22, 60], [29, 55], [30, 54], [31, 51], [32, 50], [33, 49], [34, 48], [72, 109], [74, 107], [75, 106], [76, 105], [80, 100], [81, 99], [82, 98], [83, 97], [84, 96], [87, 94], [88, 93]]"
5s_Rhodobacter-capsulatus-2,CGUUUGGUGGUCAUAGCGUUGGCUAAACACCCGAUCCCAUCCCGAACUCGGCCGUUAAGGGCCAACACGCCGAUGGUACUGCGUCUCAAGACGUGGGAGAGUAGGUCACCGCCAAACC,"[[2, 117], [3, 116], [4, 115], [5, 114], [6, 113], [7, 112], [8, 111], [9, 110], [10, 109], [16, 68], [19, 65], [20, 64], [21, 63], [22, 62], [23, 61], [24, 60], [29, 55], [30, 54], [31, 51], [32, 50], [33, 49], [34, 48], [70, 105], [71, 104], [73, 102], [74, 101], [79, 96], [80, 95], [81, 94], [82, 93], [83, 92], [84, 91], [85, 90]]"
5s_Halococcus-morrhuae-2,UUAAGGCGGCCACAGCGGCGGGGCGACUCCCGUACCCAUCCCGAACACGGCAGAUAAGCCCGCCAGCGUUCCAGCGAGUACUGGAGUGUGCGAACCUCUGGGAAAACUGCCUCGCAAGAGGGGCC,"[[1, 122], [2, 121], [9, 115], [10, 114], [15, 67], [16, 66], [17, 64], [18, 63], [19, 62], [20, 61], [21, 60], [28, 54], [29, 53], [30, 50], [31, 49], [32, 48], [33, 47], [72, 109], [73, 108], [74, 107], [81, 101], [82, 100], [83, 99], [84, 98], [85, 97], [86, 96], [88, 95], [89, 94]]"
5s_Rickettsia-prowazekii-1,AGCUUGGUGGUCAUAGCAUGAGUGAAACACACGAUCCCAUCCCGAACUCGAACGUGAAACCUCAUAGCGCUAAUGGUACUAUGUCAUAAGCCAUGGGAGAGUAAGUCGCUGCCAAGCUU,"[[1, 118], [2, 117], [3, 116], [4, 115], [5, 114], [6, 113], [7, 112], [8, 111], [9, 110], [10, 109], [16, 68], [17, 67], [18, 65], [19, 64], [20, 63], [21, 62], [22, 61], [29, 55], [30, 54], [32, 50], [33, 49], [34, 48], [70, 105], [71, 104], [73, 102], [74, 101], [79, 96], [80, 95], [81, 94], [82, 93], [83, 92], [85, 90]]"
5s_Fusarium-culmorum-6,ACAUACGACCAAAGCUCGUAGAGAAUACGGGGUCCCGUCCGCUCCCCCAUCGUCAAGCUGCGAAGCGCUUGAUUAGUAGUUGGGUCGGUGACGACCAGCGAAUCCCCAGUGUUGUAUGU,"[[1, 119], [2, 118], [3, 117], [4, 116], [5, 115], [6, 114], [7, 113], [8, 112], [9, 111], [14, 66], [15, 65], [16, 63], [17, 62], [18, 61], [19, 60], [20, 59], [21, 58], [27, 53], [28, 52], [29, 48], [30, 47], [31, 46], [32, 45], [68, 109], [69, 108], [71, 106], [79, 99], [80, 98], [81, 97], [82, 96], [83, 95], [85, 94], [86, 93], [87, 92]]"
5s_Acidithiobacillus-ferrooxidans-3,UGUCUGGCGGCCAUAGCGCAGUGGAACCACCCCUUCCCAUCUCGAACAGGACCGUGAAACGCUGCAGCGCCUAUGAUAGUUGAGGGUCUCCCUCCGCGAAAGUCGGUCACCGCCAGACAC,"[[1, 119], [2, 118], [3, 117], [4, 116], [5, 115], [6, 114], [7, 113], [8, 112], [9, 111], [10, 110], [16, 68], [17, 67], [18, 65], [19, 64], [20, 63], [21, 62], [22, 61], [23, 60], [29, 55], [30, 54], [32, 50], [33, 49], [34, 48], [70, 106], [71, 105], [73, 103], [74, 102], [79, 97], [80, 96], [82, 94], [83, 93], [84, 92], [85, 91], [86, 90]]"
5s_Chlorobium-limicola-2,CCACGGCGACUAUAUCCCUGGUGUUCACCUCUUCCCAUUCCGAACAGAGUCGUUAAGCCCAGGAGAGCCGAUGGUACUGCUUUAUUGCGGGAGAGUAGGUCGUCGCCGAGU,"[[2, 110], [4, 108], [5, 107], [6, 106], [7, 105], [8, 104], [9, 103], [15, 66], [16, 65], [17, 63], [18, 62], [19, 61], [20, 59], [21, 58], [27, 53], [28, 52], [29, 49], [30, 48], [31, 47], [32, 46], [68, 99], [69, 98], [71, 96], [72, 95], [77, 90], [78, 89], [79, 88], [80, 87]]"
5s_Methylobacterium-extorquens-1,GCCUGGCGGCCUGAGCGGUGUGGAAGAACCCGAUCCCAUCUCGAACUCGGCCGUUAAACACACCAGCGCCGAUGGUACUGUGUCUCAAGACACGGGAGAGUCGGUCGCCGCCAGGCCC,"[[1, 116], [2, 115], [3, 114], [4, 113], [5, 112], [6, 111], [7, 110], [8, 109], [9, 108], [15, 67], [16, 66], [17, 64], [18, 63], [19, 62], [20, 61], [21, 60], [22, 59], [28, 54], [29, 53], [30, 50], [31, 49], [32, 48], [33, 47], [69, 104], [70, 103], [71, 102], [72, 101], [73, 100], [78, 95], [79, 94], [80, 93], [81, 92], [82, 91], [83, 90], [84, 89]]"
5s_Pneumocystis-carinii-1,AGUUACGGCCAUACCUCAGAGAAUAUACCGUAUCCCGUCCGAUCUGCGAAGUCAAGCUCUGAAGGGCGUCGUCAGUACUAUAGUGGGUGACCAUAUGGGAAUACGACGUGCUGUAGCUUU,"[[1, 118], [2, 117], [3, 116], [4, 115], [5, 114], [6, 113], [7, 112], [8, 111], [9, 110], [14, 65], [15, 64], [16, 62], [17, 61], [18, 60], [19, 59], [20, 58], [21, 57], [27, 52], [28, 51], [30, 47], [31, 46], [32, 45], [67, 108], [68, 107], [69, 106], [70, 105], [71, 104], [72, 103], [78, 98], [79, 97], [80, 96], [81, 95], [82, 94], [84, 93], [85, 92], [86, 91]]"
5s_Rhodobacter-capsulatus-1,UUUGGUGGUCAUAGGCUUGGCUAAACACCCGAUCCCAUCCCGAACUCGGCAGUUAAGGGCCAACACGCCGAUGGUACUGCGUCUCAAGACGUGGGAGAGUAGGUCACCGCCAAACC,"[[1, 114], [2, 113], [3, 112], [4, 111], [5, 110], [6, 109], [7, 108], [8, 107], [14, 66], [17, 63], [18, 62], [19, 61], [20, 60], [21, 59], [22, 58], [27, 53], [28, 52], [29, 49], [30, 48], [31, 47], [32, 46], [68, 103], [69, 102], [71, 100], [72, 99], [77, 94], [78, 93], [79, 92], [80, 91], [81, 90], [82, 89], [83, 88]]"
5s_Xanthomonas-oryzae-1,UCCCUGGUGAAAUUAGCGCUGUGGAACCACCCGAUCCCAUCCCGAACUCGGAAGUGAAACGCAGCUGCGCCGAUGGUAGUGUGGCUCAAGCCAUGCGAGAGUAGGUCAUCGCCAGGG,"[[2, 117], [3, 116], [4, 115], [5, 114], [6, 113], [7, 112], [8, 111], [9, 110], [10, 109], [16, 68], [17, 67], [18, 65], [19, 64], [20, 63], [21, 62], [22, 61], [23, 60], [29, 55], [30, 54], [31, 51], [32, 50], [33, 49], [34, 48], [70, 105], [71, 104], [73, 102], [74, 101], [79, 96], [80, 95], [81, 94], [82, 93], [83, 92], [84, 91], [85, 90]]"
5s_Puccinia-suaveolens-1,AUCUGGGGCCACACCACAGUGAACUCACCGCAUCCCGUUCGAUCUGCGCAGUCAAACACUGUAGGGCCAAGUCAGUAGUGCGGUGGGGGACCACGCGCGAACACUUUGGUGCCCCAGGU,"[[1, 119], [2, 118], [3, 117], [4, 116], [5, 115], [6, 114], [7, 113], [8, 112], [9, 111], [14, 65], [15, 64], [16, 62], [17, 61], [18, 60], [19, 59], [20, 58], [21, 57], [27, 52], [28, 51], [29, 48], [30, 47], [31, 46], [32, 45], [67, 109], [68, 108], [69, 106], [70, 105], [71, 104], [72, 103], [78, 98], [79, 97], [80, 96], [81, 95], [82, 94], [84, 93], [85, 92], [86, 91]]"
5s_Symbiobacterium-thermophilum-3,GGUUUUGGGUGGCGAUGCCGGAGGGGAUCACCCGUUCCCAUUCCGAACACGGAAGUUAAGCCCUCCAGGGCCGAAGGUACUCCGCAAGGGGGAGAAUAGGUCGCUGCCCAAAC,"[[2, 113], [3, 112], [4, 111], [6, 110], [7, 109], [8, 108], [9, 107], [10, 106], [11, 105], [12, 104], [18, 69], [19, 68], [20, 66], [21, 65], [22, 64], [23, 63], [24, 62], [25, 61], [30, 56], [31, 55], [32, 52], [33, 51], [34, 50], [35, 49], [71, 100], [72, 99], [74, 97], [80, 91], [81, 90], [82, 89], [83, 88]]"
5s_Caulobacter-sp.-5,GACCCGGUGGCUAUGUCGGAGGUUCCCUACCCGAUCCCAUUCCGAACUCGGUCGUUAAAGCCUCCAGAGCCGAUGGUACUUCGUCUUAAGUCGCGGGAGAGUAGGUCGCCGCCGGGUCU,"[[1, 118], [2, 117], [3, 116], [4, 115], [5, 114], [6, 113], [7, 112], [8, 111], [9, 110], [10, 109], [16, 68], [17, 67], [18, 65], [19, 64], [20, 63], [21, 62], [22, 61], [23, 60], [29, 55], [30, 54], [31, 51], [32, 50], [33, 49], [34, 48], [70, 105], [71, 104], [73, 102], [74, 101], [79, 96], [80, 95], [82, 93], [83, 92], [85, 90]]"
5s_Penicillium-griseofulvum-1,ACAUACGACCAUAGGGUGUGGAAAACAGGGCUUCCCGUCCGCUCAGCCGUACUUAAGCCACACGCCGGUGAGUUAGUAGUUGGGUGGGUGACCACCAGCGAAUCCUCACUGUUGUAUGU,"[[1, 119], [2, 118], [3, 117], [4, 116], [5, 115], [6, 114], [7, 113], [8, 112], [9, 111], [14, 66], [15, 65], [16, 63], [17, 62], [18, 61], [19, 60], [20, 59], [21, 58], [27, 53], [28, 52], [29, 48], [30, 47], [31, 46], [32, 45], [68, 109], [69, 108], [70, 107], [71, 106], [72, 105], [79, 99], [80, 98], [81, 97], [82, 96], [83, 95], [85, 94], [86, 93], [87, 92]]"
5s_Vitreoscilla-beggiatoides-1,CGCCUGACGACCACAGCGACUGUGAACCACCCGACCCCAUCUCGAACUCGGUAGUGAAACCAGUCAGCGCCGAUGAUAGUGUGGCAUAUGCCAUGUGAAAGUAGGUCAUCGUCAGGCU,"[[2, 117], [3, 116], [4, 115], [5, 114], [6, 113], [7, 112], [8, 111], [9, 110], [10, 109], [16, 68], [17, 67], [18, 65], [19, 64], [20, 63], [21, 62], [22, 61], [29, 55], [30, 54], [31, 51], [32, 50], [33, 49], [34, 48], [70, 105], [71, 104], [73, 102], [74, 101], [79, 96], [80, 95], [81, 94], [82, 93], [83, 92], [84, 91], [85, 90]]"
5s_Helix-pomatia-1,GUCUACGGCCAUACCACGUUGAAAAUACCGGUUCUCGUCCGAUCACCGAAGUCAAGCAACGUCGGGCGUGGUUAGUACUUAGAUGGGUGACCGCUUGGGAACACCACGUGUUGUAGAUA,"[[1, 118], [2, 117], [3, 116], [4, 115], [5, 114], [6, 113], [7, 112], [8, 111], [9, 110], [14, 65], [15, 64], [16, 62], [17, 61], [18, 60], [19, 59], [20, 58], [21, 57], [27, 52], [28, 51], [29, 48], [30, 47], [31, 46], [32, 45], [67, 108], [68, 107], [69, 106], [70, 105], [71, 104], [72, 103], [78, 98], [79, 97], [81, 95], [82, 94], [84, 93], [85, 92], [86, 91]]"
5s_Pedobacter-heparinus-1,UUUAGGUGCCUAUAUCGGUGGUGUCCACCUCUUCCCAUUCCGAACAGAGAAGUUAAGCCCACCAGAGCCGAUGGUACUGCGGUAACACGUGGGAGAGUAGGUCGGUGCCAAAUC,"[[2, 112], [3, 111], [5, 109], [6, 108], [7, 107], [8, 106], [9, 105], [15, 66], [16, 65], [17, 63], [18, 62], [19, 61], [20, 60], [21, 59], [27, 53], [28, 52], [29, 49], [30, 48], [31, 47], [32, 46], [68, 101], [69, 100], [71, 98], [72, 97], [77, 92], [78, 91], [79, 90], [80, 89], [81, 88]]"
5s_Pseudomonas-denitrificans-1,UGCUUGACGACCAUAGAGCAUUGGAACCACCUGAUCCCAUUCCGAACUCAGCAGUGAAACGAUGCAUCGCCGAUGGUAGUGUGGGGCUUCCCCAUGUGAGAGUAGGUCAUCGUCAAGCGC,"[[1, 119], [2, 118], [3, 117], [4, 116], [5, 115], [6, 114], [7, 113], [8, 112], [9, 111], [10, 110], [16, 68], [17, 67], [18, 65], [19, 64], [20, 63], [21, 62], [22, 61], [23, 60], [29, 55], [30, 54], [31, 51], [32, 50], [33, 49], [34, 48], [70, 106], [71, 105], [73, 103], [74, 102], [79, 97], [80, 96], [81, 95], [82, 94], [83, 93], [84, 92], [85, 91], [86, 90]]"
5s_Emericella-nidulans-7,ACAUACGACCACAGGGUGUGGAGAACAGGGCUUCCCGUCCGCUCAGCCGUACUUAAGCCACACGCCGGUAGGUUAGUAGUAUGGUGGGUGACCACAUGCGAAUCCCUACUGUUGUAUGU,"[[1, 119], [2, 118], [3, 117], [4, 116], [5, 115], [6, 114], [7, 113], [8, 112], [9, 111], [14, 66], [15, 65], [16, 63], [17, 62], [18, 61], [19, 60], [20, 59], [21, 58], [27, 53], [28, 52], [29, 48], [30, 47], [31, 46], [32, 45], [68, 109], [69, 108], [70, 107], [71, 106], [72, 105], [79, 99], [80, 98], [81, 97], [82, 96], [83, 95], [85, 94], [86, 93], [87, 92]]"
5s_Pythium-pachycaule-1,GUAGACGGCCAUCUUAGGCUGAGAACACCGUAUCCCGUCCGCUCUGCGAAGUUAAGCAGCCUCAAGCUCGGGUAGUACUCGGGUGGGUGACCACCGGGGAAGUCCGGGUGCUGUCUAC,"[[1, 118], [2, 117], [3, 116], [4, 115], [5, 114], [6, 113], [7, 112], [8, 111], [9, 110], [14, 65], [15, 64], [16, 62], [17, 61], [18, 60], [19, 59], [20, 58], [21, 57], [27, 52], [28, 51], [29, 48], [30, 47], [31, 46], [32, 45], [67, 108], [68, 107], [69, 106], [70, 105], [71, 104], [72, 103], [78, 98], [79, 97], [80, 96], [81, 95], [82, 94], [84, 93], [85, 92], [86, 91]]"
