partition,fold_number,id
train,0,5V16
train,0,5DUN
train,0,5V3I
train,0,1L1C
train,0,484D
train,0,5A17
train,0,1VTQ
train,0,2DR5
train,0,6W77_0
train,0,1JO7
train,0,2N6W
train,0,2N82
train,0,5TC1_11
train,0,2PXB
train,0,6WJR_0
train,0,6KL9_0
train,0,2LBJ
train,0,4XNR
train,0,2MHI
train,0,7KJU_0
train,0,2KVN
train,0,1A9L
train,0,2N1Q
train,0,3J3W_0
train,0,7BOG_1
train,0,2N2P
train,0,1ESH
train,0,1EUQ
train,0,1MSY
train,0,2QH3
train,0,6Y0Y
train,0,6TF1
train,0,6HYK
train,0,2LWK
train,0,2QH2
train,0,7D12
train,0,2PXU
train,0,4AOB
train,0,1F7V_0
train,0,1OLN
train,0,387D
train,0,4L8H
train,0,2EUY
train,0,4P5J_0
train,0,6WLJ
train,0,1XWP
train,0,1F84
train,0,6IZP
train,0,1D0T
train,0,6VUH
train,0,2EET
train,0,2DVI
train,0,4LVW
train,0,2XO1_0
train,0,6DU4
train,0,6DTD
train,0,2A9X
train,0,1HS8
train,0,430D
train,0,1QWB
train,0,3SUH
train,0,2MIS
train,0,1S34
train,0,1K2G
train,0,2OJ8
train,0,2LBL
train,0,5U3G
train,0,2ANR
train,0,5TC1_4
train,0,3IRW_0
train,0,1KXK
train,0,4UYK
train,0,7NQ4
train,0,7JRR
train,0,1QWA
train,0,3GOT
train,0,5N5C
train,0,7MRL
train,0,2HW8
train,0,2AB4
train,0,5TC1_2
train,0,5AXM_0
train,0,6Y5Q_0
train,0,4LX5
train,0,7N3O_1
train,0,2FDT
train,0,6GBM
train,0,1JID
train,0,1YG3
train,0,1QC8
train,0,2PXV
train,0,4FEP
train,0,2GV3
train,0,1FEQ
train,0,1EBR
train,0,2AP0
train,0,4AY2
train,0,5TC1_14
train,0,3R9X
train,0,2ZH2
train,0,5AMQ
train,0,2JUK
train,0,2KRW
train,0,7OGM
train,0,2KMJ
train,0,6EZ0
train,0,5T83_0
train,0,5XWY_0
train,0,4A4S
train,0,1SZY
train,0,7K4L
train,0,2YGH
train,0,7MKY
train,0,6B3K
train,0,1FMN
train,0,1YN1
train,0,1HWQ
train,0,2M21
train,0,5KH8
train,0,1ULL
train,0,1SY4
train,0,2NBZ
train,0,1LNG
train,0,2K95
train,0,5FK4
train,0,2K4C
train,0,2ANN_0
train,0,7BOG_0
train,0,6VZC
train,0,3W3S_0
train,0,2IHX
train,0,3MXH
train,0,5VW1_0
train,0,6Q8V
train,0,6P2H
train,0,2PXL
train,0,2KD8
train,0,5FK3
train,0,4FEN
train,0,4AL5_0
train,0,3OVA
train,0,5FKF
train,0,1N8X
train,0,4OQU
train,0,2X7N
train,0,2HGH
train,0,2Y95
train,0,6SDY
train,0,2LKR
train,0,2RLU
train,0,1BGZ
train,0,4PKD
train,0,1AJF
train,0,5TC1_8
train,0,5UZ9
train,0,1JWC_0
train,0,6VVJ
train,0,1MFY
train,0,6N5P
train,0,2LHP
train,0,5IEM
train,0,2KE6
train,0,1JZX_0
train,0,4PDB
train,0,3E5C
train,0,2MIY
train,0,2ZH8
train,0,4K27
train,0,1WTT
train,0,1VC6_0
train,0,5TC1_3
train,0,1HS2
train,0,4WFL
train,0,5OSG_0
train,0,3IQN
train,0,3AM1
train,0,1K6G
train,0,3MUV_0
train,0,4ZLD
train,0,1AFX
train,0,1VOP
train,0,3MUT
train,0,6SNJ
train,0,2RO2
train,0,5KMZ
train,0,5KPY
train,0,1NBK
train,0,2MXJ
train,0,2EEV
train,0,1R7Z
train,0,5V17
train,0,2LPA
train,0,7KJT_0
train,0,7AFL_1
train,0,2N3O
train,0,1JTJ
train,0,1RFR
train,0,3D0U
train,0,1F7U
train,0,6N5K
train,0,5FKD
train,0,5TC1_10
train,0,6HIX_1
train,0,1U0B
train,0,6N5N
train,0,7JZZ
train,0,3NDB
train,0,3L0U_0
train,0,7LVA
train,0,7D7Z
train,0,6W3M
train,0,2L1V
train,0,2GIO
train,0,6XRZ
train,0,4JF2
train,0,6E80_0
train,0,1DUL
train,0,1Q75
train,0,2ZH7
train,0,1YNC
train,0,1P5N
train,0,6XH3
train,0,5WQE_0
train,0,6SGA_1
train,0,6WLN
train,0,1RMN
train,0,2KUR
train,0,1H3E_0
train,0,5O7H
train,0,3GOG_0
train,0,2JR4
train,0,3IAB
train,0,2N6T
train,0,7EAF
train,0,2M5U
train,0,4WJ4
train,0,1Z30
train,0,2XLJ
train,0,2LPT
train,0,6BY5
train,0,2HEM
train,0,1I9F
train,0,4UE4
train,0,7JJE
train,0,4YVJ_0
train,0,4IFD_0
train,0,2XKV_0
train,0,2R8S
train,0,2MN0
train,0,1EIY
train,0,1NBR
train,0,1B36
train,0,1HS4
train,0,2KUU
train,0,1BZ2
train,0,6XXA
train,0,4B5R
train,0,1IDV
train,0,6WLS
train,0,2KTZ
train,0,5TPY
train,0,2M58
train,0,5W1H_0
train,0,6JQ6
train,0,2L2J
train,0,1ESY
train,0,2KZL
train,0,2M12
train,0,2L3J
train,0,4M4O
train,0,6WLM
train,0,1EHT
train,0,1TXS
train,0,1HLX
train,0,5CCX
train,0,3ZN8
train,0,6PK9
train,0,2B57
train,0,4A4R
train,0,2N2O
train,0,2MTK
train,0,2QH4
train,0,2AKE
train,0,2DRB
train,0,7D82
train,0,2LA5
train,0,1LUX
train,0,5XBL_0
train,0,1A1T
train,0,4L81
train,0,1F7F
train,0,6NMC_0
train,0,3SD3
train,0,3DIL
train,0,6MXQ
train,0,6DU5_0
train,0,2N6X
train,0,6N5Q
train,0,2PXF
train,0,3A3A_0
train,0,3IZD
train,0,2KPD
train,0,2MQV
train,0,2KHY
train,0,4LX6
train,0,3WQY
train,0,5TC1_7
train,0,2MEQ
train,0,1C0O
train,0,7DD4
train,0,6E82
train,0,6RTI
train,0,2DET_0
train,0,1F1T
train,0,1QD3
train,0,1M5L
train,0,2M4Q
train,0,6U8D
train,0,5TC1_6
train,0,6VAR
train,0,2LDL
train,0,3QSY
train,0,5L4O_0
train,0,4TV0
train,0,6AAU
train,0,2MXL
train,0,4UE5
train,0,1JP0
train,0,5FKE
train,0,1RHT
train,0,6B45
train,0,6XXB
train,0,2JYM
train,0,1J1U_0
train,0,4YVI_0
train,0,1Z43
train,0,1KP7
train,0,2OIH_0
train,0,2LJJ
train,0,7OBQ_0
train,0,6Y3G_0
train,0,4D5N
train,0,1HS3
train,0,2NBX
train,0,2ZH3
train,0,3WQZ
train,0,2JXV
train,0,2KPV
train,0,5WQ1
train,0,5TC1_0
train,0,5E08
train,0,4WC3
train,0,1AJU
train,0,1JZC
train,0,1YNE
train,0,2ZH1
train,0,4YB1
train,0,2M4W
train,0,5FK2
train,0,2ZH4
train,0,1KAJ
train,0,1ROQ
train,0,5UF3
train,0,1XHP
train,0,1LU3
train,0,7MLX
train,0,1NYB
train,0,6DLQ
train,0,1RNK
train,0,6IV9
train,0,2TPK
train,0,4V2S_0
train,0,2JTP
train,0,1L3D
train,0,4A4U
train,0,5ID6
train,0,6JXM
train,0,4C8Z_0
train,0,1EXD
train,0,7K16
train,0,2EVY
train,0,2RPT
train,0,1NA2
train,0,2TOB
train,0,1ZC5
train,0,3GX6
train,0,6PIF
train,0,6LNC
train,0,4AL7_0
train,0,6UGI
train,0,1XV6
train,0,6B14
train,0,4A4T
train,0,2IXY
train,0,2EEW
train,0,2N8V
train,0,4FEO
train,0,1E8O
train,0,2N7M
train,0,1YFG
train,0,6VRC_0
train,0,1ZIH
train,0,4C4Q
train,0,7OE0_1
train,0,7K9D
train,0,1TJZ
train,0,6AAY_0
train,0,3TUP_0
train,0,4BW0
train,0,2GIP
train,0,6WUB_0
train,0,5TC1_15
train,0,6G5I_0
train,0,1AUD
train,0,4QVI
train,0,1R4H
train,0,6MCE
train,0,2PXQ
train,0,2N0R_0
train,0,2MF0
train,0,4FEL
train,0,4R4P
train,0,5XYU_0
train,0,7K9M_0
train,0,5D6G
train,0,2LK3
train,0,1XJR
train,0,2TRA_0
train,0,2O33
train,0,5TC1_1
train,0,1UUD
train,0,1RNG
train,0,1M82
train,0,2DR2
train,0,2LDZ
train,0,2GV4
train,0,2K5Z
train,0,3LA5
train,0,4C7O
train,0,1KPD
train,0,1P5O
train,0,3G4M
train,0,2F87
train,0,1ZIF
train,0,2GIS
train,0,2Y8W
train,0,3OIN
train,0,4ADV_0
train,0,2L3C
train,0,5FK1
train,0,6P7M_0
train,0,2PCV
train,0,2HOP_0
train,0,3EGZ
train,0,6SGA_0
train,0,2N3R
train,0,2PXK
train,0,1ME1
train,0,7N3O_0
train,0,1T28
train,0,1ZSE_0
train,0,6ZDQ
train,0,2KX8
train,0,2L3E
train,0,6T0U_0
train,0,1IE2
train,0,1NEM
train,0,1FYO
train,0,1F9L
train,0,6VRB
train,0,2LBK
train,0,2NBY
train,0,1QF6
train,0,2O32
train,0,4R4V
train,0,1MFJ
train,0,1K6H
train,0,2NUE
train,0,2LAC
train,0,2ZHB
train,0,2N4L
train,0,2FY1
train,0,1XSU
train,0,6DB8
train,0,1TLR
train,0,6ZUO_0
train,0,5X6B
train,0,2YDH
train,0,3IYQ
train,0,2DU5
train,0,1R7W
train,0,6AJK
train,0,5VOF
train,0,2B7G
train,0,4WC5
train,0,1I46
train,0,1K4A
train,0,1WKS
train,0,2EEU
train,0,4FEJ
train,0,6DCB
train,0,2LU0
train,0,6VMY
train,0,5WLH_0
train,0,6AGB
train,0,6DME
train,0,1ZIG
train,0,6HBT
train,0,1EBQ
train,0,2G1W
train,0,1EXY
train,0,6EML_0
train,0,6D12
train,0,28SP
train,0,2ZZM_0
train,0,5WTK_0
train,0,2LUN
train,0,2JSE
train,0,1JUR
train,0,4XW7
train,0,6E8U
train,0,2GRW
train,0,1J4Y
train,0,2PXT
train,0,6HIX_0
train,0,7OE0_0
train,0,4OJI_0
train,0,2LDT
train,0,1MZP
train,0,2HOO
train,0,2KUV
train,0,5FKH
train,0,5LSN
train,0,6E84
train,0,4QEI
train,0,2DU6
train,0,2KRL
train,0,2F8K
train,0,2PXP
train,0,1I3X
train,0,1DRZ
train,0,2MFD
valid,0,2Y8Y
valid,0,7EZ0
valid,0,2HVY_0
valid,0,1P5M
valid,0,5XXU_0
valid,0,1FHK
valid,0,5FJC
valid,0,4Q9R
valid,0,6N5S
valid,0,1K8W
valid,0,1U6P
valid,0,2ZUF_0
valid,0,5OB3
valid,0,1ATV
valid,0,1C2X
valid,0,2PXD
valid,0,2RRC
valid,0,6HAG
valid,0,4E8Q
valid,0,5XYI_0
valid,0,2L6I
valid,0,4FNJ
valid,0,2M24
valid,0,2KPC
valid,0,7AFI_0
valid,0,6N5R
valid,0,6FQ3
valid,0,2DR7
valid,0,1FQZ
valid,0,5UZZ
valid,0,4PQV
valid,0,1RAW
valid,0,4X0B
valid,0,5KQE
valid,0,2LBS
valid,0,2M8K
valid,0,5FKG
valid,0,6E9E
valid,0,1F85
valid,0,1ATO
valid,0,7BOF_0
valid,0,2IXZ
valid,0,1YSV
valid,0,7AF5_0
valid,0,1EUY_0
valid,0,1OW9
valid,0,1K5I
valid,0,1H4S_0
valid,0,3MUM
valid,0,1Y27
valid,0,2N6S
valid,0,2LUB
valid,0,6V9Q
valid,0,4KQY
valid,0,7LYF
valid,0,1TOB
valid,0,3IZ4
valid,0,2K66
valid,0,2NCI
valid,0,7M5O_0
test,0,6ZOK_0
test,0,5TC1_5
test,0,6HIX_2
test,0,5TC1_13
test,0,1I4C
test,0,6FQL
test,0,1HS1
test,0,5TC1_9
test,0,1IK1
test,0,1K4B
test,0,6T0R_0
test,0,1A4T
test,0,1ATW
test,0,1HJI
test,0,2KYE
test,0,1JTW
test,0,2LP9
test,0,1XWU
test,0,5U34_0
test,0,2MNC_0
test,0,5TC1_12
test,0,1KOS
test,0,2KRV
test,0,2G1G
test,0,2KRZ
test,0,2GVO
test,0,1SLO
test,0,1UUU
test,0,2U2A
test,0,2RPK
test,0,17RA
test,0,1OSW_0
test,0,1N66
test,0,1IKD
test,0,2HNS
test,0,2M22
test,0,1MFK
test,0,1BVJ
test,0,2ESE
test,0,3PHP
test,0,2LV0
test,0,1E4P
test,0,6W62_0
test,0,1KKS
test,0,6W7N_0
test,0,1MT4
test,0,1NC0
test,0,5DO4
test,0,2A43
test,0,3DD2
test,0,6IV6_0
test,0,2MXS
test,0,2LQZ
test,0,1XST
test,0,1F7G
test,0,2RP1
test,0,6CMN
test,0,6GTC_0
test,0,1KPY_0
test,0,2NC0
test,0,2JWV
test,0,6WLH
test,0,3SN2
test,0,1L1W
test,0,1EKZ
test,0,7OI0_0
test,0,1LVJ
test,0,1T4L
test,0,1G70
test,0,1Z31
test,0,2LI4
test,0,2ZHA
test,0,4ATO
test,0,5LWJ
test,0,2RVO
test,0,2ZH5
test,0,2LPS
test,0,4OOG
test,0,2M57
test,0,2XDB_0
test,0,6SY6_0
test,0,1E95
test,0,1D6K
test,0,6U79
test,0,2ZY6_0
test,0,4R8I
test,0,4PMI
test,0,2HUA
test,0,1A51
test,0,5NZ6
test,0,2AU4
test,0,1MNX
test,0,5M0H
test,0,1CQ5
test,0,2FEY
test,0,1A60
test,0,2L94
test,0,6D3P
test,0,1YMO
test,0,6GZK
test,0,2KUW
test,0,2PXE
test,0,5ANC_0
test,0,4ENC
test,0,2LC8_0
test,0,6NOA
test,0,1DK1
test,0,7D7V
test,0,3FO4_0
test,0,6RFL_0
test,0,2NC1
test,0,2EES
test,0,4KR3_0
test,0,4YVK_0
test,0,2DU3
test,0,2MS0
test,0,1Y26
test,0,3TRA_0
test,0,5WT3_0
test,0,1GTR
test,0,1SJF_0
test,0,3AL0
test,0,4WC7
test,0,1QU3
test,0,3BBV
test,0,6TNA
test,0,1C0A
test,0,3AMT
test,0,1P9X_0
test,0,3MUR
test,0,3GX7
test,0,3IQP
test,0,5FK6
test,0,5FK5
test,0,6DVK
test,0,6MCC
test,0,6UES
test,0,4QK8
test,0,6N5L
test,0,6N5T
test,0,6N5O
test,0,1MFQ
test,0,6HIZ_0
test,0,6SG9_0
test,0,6QKL_2
test,0,6WLU
test,0,5AN9_1
test,0,6WLO
test,0,6AHR
test,0,4FB0
test,0,4FAQ
train,1,1XHP
train,1,1BGZ
train,1,6W3M
train,1,2RP1
train,1,7D7V
train,1,2N0R_0
train,1,6D12
train,1,2KUW
train,1,5TC1_5
train,1,2LI4
train,1,2ZH7
train,1,3OVA
train,1,2HW8
train,1,4FEJ
train,1,5TPY
train,1,1EUQ
train,1,1L1W
train,1,4WFL
train,1,6EZ0
train,1,6SY6_0
train,1,5FKH
train,1,2MIY
train,1,1E8O
train,1,3ZN8
train,1,3OIN
train,1,4KQY
train,1,7AF5_0
train,1,6WUB_0
train,1,7K9D
train,1,7KJT_0
train,1,1A51
train,1,2ZH5
train,1,7EAF
train,1,4UE4
train,1,2LV0
train,1,4YB1
train,1,3J3W_0
train,1,1XST
train,1,1E95
train,1,28SP
train,1,2N8V
train,1,5DUN
train,1,2MEQ
train,1,2NC1
train,1,6G5I_0
train,1,2L3J
train,1,6E84
train,1,6VVJ
train,1,1RMN
train,1,3L0U_0
train,1,4PMI
train,1,2EUY
train,1,1F7V_0
train,1,2KYE
train,1,5TC1_14
train,1,7JJE
train,1,2MFD
train,1,1T28
train,1,1IKD
train,1,1L3D
train,1,1RAW
train,1,2O32
train,1,2DU6
train,1,4KR3_0
train,1,2N82
train,1,5D6G
train,1,5WTK_0
train,1,1A9L
train,1,3AL0
train,1,1EBR
train,1,1HS3
train,1,3IAB
train,1,2N1Q
train,1,4XNR
train,1,2N7M
train,1,6WLJ
train,1,4FEO
train,1,2EEV
train,1,2IXZ
train,1,6DLQ
train,1,1EHT
train,1,2M24
train,1,2RPK
train,1,3AM1
train,1,1Y26
train,1,2HOP_0
train,1,3EGZ
train,1,4QVI
train,1,4BW0
train,1,4X0B
train,1,4P5J_0
train,1,1VC6_0
train,1,2PXF
train,1,1MFY
train,1,4A4R
train,1,3GOT
train,1,1TLR
train,1,5TC1_13
train,1,2N6W
train,1,3TRA_0
train,1,5WQ1
train,1,1NC0
train,1,7DD4
train,1,1XWP
train,1,2LUN
train,1,3MUT
train,1,17RA
train,1,1M5L
train,1,1ATW
train,1,1QWA
train,1,6V9Q
train,1,4ZLD
train,1,1XWU
train,1,2PXB
train,1,6U8D
train,1,5TC1_1
train,1,1XJR
train,1,5ANC_0
train,1,2M22
train,1,1HS4
train,1,4OOG
train,1,2N3O
train,1,1P5M
train,1,6WLN
train,1,1XV6
train,1,1C2X
train,1,3SD3
train,1,2RLU
train,1,1EUY_0
train,1,2DU3
train,1,1I4C
train,1,2ZUF_0
train,1,2ZH8
train,1,4YVJ_0
train,1,1ZIF
train,1,2LQZ
train,1,2N4L
train,1,6ZOK_0
train,1,2LBL
train,1,1K4B
train,1,1OSW_0
train,1,4UE5
train,1,6RTI
train,1,1AJF
train,1,5UF3
train,1,1N66
train,1,3BBV
train,1,2K95
train,1,2HOO
train,1,2M21
train,1,6LNC
train,1,3GX7
train,1,6HAG
train,1,6JQ6
train,1,1KPY_0
train,1,6T0R_0
train,1,1Z31
train,1,2U2A
train,1,2GIO
train,1,3IZ4
train,1,5AMQ
train,1,6PK9
train,1,6SNJ
train,1,1NBK
train,1,6IV6_0
train,1,3IYQ
train,1,1B36
train,1,7M5O_0
train,1,1SLO
train,1,4FEP
train,1,6NMC_0
train,1,6N5N
train,1,7K9M_0
train,1,2ZHA
train,1,2QH2
train,1,2PXE
train,1,6IV9
train,1,2ANN_0
train,1,2KPD
train,1,6FQL
train,1,1JWC_0
train,1,4AY2
train,1,2NBY
train,1,1JTJ
train,1,1Y27
train,1,1LU3
train,1,6Q8V
train,1,2PXK
train,1,2G1G
train,1,3DIL
train,1,2NBZ
train,1,2HUA
train,1,1KKS
train,1,7MKY
train,1,6N5Q
train,1,2OJ8
train,1,2KX8
train,1,6SGA_0
train,1,1P5O
train,1,2GIS
train,1,1JZX_0
train,1,6XXA
train,1,2N2P
train,1,5AN9_1
train,1,2RVO
train,1,6U79
train,1,1FYO
train,1,1E4P
train,1,6TNA
train,1,3MUM
train,1,2HNS
train,1,5UZZ
train,1,2ZH1
train,1,5KMZ
train,1,1M82
train,1,1VTQ
train,1,4FNJ
train,1,5V3I
train,1,2EVY
train,1,4C8Z_0
train,1,5TC1_10
train,1,2MNC_0
train,1,6XXB
train,1,6GBM
train,1,2LUB
train,1,2TPK
train,1,6GZK
train,1,6N5T
train,1,1ESY
train,1,4QK8
train,1,3SN2
train,1,2L6I
train,1,6DCB
train,1,2FY1
train,1,1SZY
train,1,4AL7_0
train,1,2HEM
train,1,7OI0_0
train,1,2LPS
train,1,4ADV_0
train,1,3FO4_0
train,1,2NUE
train,1,5L4O_0
train,1,1WTT
train,1,2KVN
train,1,1JP0
train,1,1JTW
train,1,6E8U
train,1,6HBT
train,1,2M8K
train,1,1ZIH
train,1,5TC1_9
train,1,1OLN
train,1,1EKZ
train,1,2PCV
train,1,2AU4
train,1,5KQE
train,1,3IRW_0
train,1,1NEM
train,1,2KRV
train,1,6IZP
train,1,1TJZ
train,1,7N3O_0
train,1,6P7M_0
train,1,5XBL_0
train,1,1AUD
train,1,6WLO
train,1,7BOG_0
train,1,5U3G
train,1,1H3E_0
train,1,2M12
train,1,3E5C
train,1,1P9X_0
train,1,6WLH
train,1,5XYU_0
train,1,2GV3
train,1,4ATO
train,1,2LJJ
train,1,1QD3
train,1,1QU3
train,1,7LYF
train,1,6RFL_0
train,1,2TOB
train,1,1QWB
train,1,6Y0Y
train,1,2PXL
train,1,387D
train,1,6DTD
train,1,1AFX
train,1,1U0B
train,1,1LNG
train,1,5OB3
train,1,6P2H
train,1,1K8W
train,1,6WLU
train,1,2RO2
train,1,1HS1
train,1,3IZD
train,1,2KUR
train,1,2PXQ
train,1,6VAR
train,1,5TC1_3
train,1,6ZDQ
train,1,2K5Z
train,1,3R9X
train,1,2XKV_0
train,1,5XWY_0
train,1,2EES
train,1,2HVY_0
train,1,2Y95
train,1,1ME1
train,1,3DD2
train,1,6N5R
train,1,2EET
train,1,1G70
train,1,7OE0_1
train,1,2KMJ
train,1,1I46
train,1,1HS2
train,1,5XYI_0
train,1,1H4S_0
train,1,6HIX_1
train,1,6MXQ
train,1,2GIP
train,1,5TC1_7
train,1,2MXL
train,1,1YN1
train,1,6MCC
train,1,1ATV
train,1,7K16
train,1,5FKD
train,1,7EZ0
train,1,4ENC
train,1,1HWQ
train,1,1RFR
train,1,2GRW
train,1,5LSN
train,1,2ZH4
train,1,6HIX_2
train,1,4FAQ
train,1,4WC5
train,1,4L81
train,1,2KTZ
train,1,1YSV
train,1,5FK3
train,1,2O33
train,1,6XRZ
train,1,1C0A
train,1,6N5O
train,1,1ZSE_0
train,1,4JF2
train,1,1ZIG
train,1,7AFI_0
train,1,1F84
train,1,5XXU_0
train,1,2HGH
train,1,5O7H
train,1,2M58
train,1,2ZH2
train,1,2DU5
train,1,1DRZ
train,1,1Q75
train,1,4TV0
train,1,1YG3
train,1,5WT3_0
train,1,4YVK_0
train,1,6DVK
train,1,7AFL_1
train,1,1GTR
train,1,4A4U
train,1,2LDZ
train,1,4R8I
train,1,5ID6
train,1,1MFJ
train,1,1KOS
train,1,1FMN
train,1,6AAY_0
train,1,6WLS
train,1,7MLX
train,1,1ULL
train,1,1EXD
train,1,2KPC
train,1,1IK1
train,1,6UES
train,1,1R7Z
train,1,4AL5_0
train,1,4FB0
train,1,6PIF
train,1,3WQZ
train,1,6FQ3
train,1,1R4H
train,1,2KUU
train,1,2JUK
train,1,7D7Z
train,1,2LHP
train,1,5LWJ
train,1,2EEU
train,1,5FK2
train,1,1SJF_0
train,1,1LUX
train,1,6B45
train,1,3QSY
train,1,3GOG_0
train,1,6DU5_0
train,1,2X7N
train,1,1A4T
train,1,1MFK
train,1,2RRC
train,1,1EXY
train,1,1F85
train,1,1L1C
train,1,6JXM
train,1,1BVJ
train,1,1YNC
train,1,2LPT
train,1,1A60
train,1,1F7U
train,1,5TC1_12
train,1,7K4L
train,1,5V16
train,1,2R8S
train,1,6SG9_0
train,1,2K4C
train,1,4V2S_0
train,1,1KPD
train,1,6VUH
train,1,2KZL
train,1,6GTC_0
train,1,5FK1
train,1,1IE2
train,1,6HIZ_0
train,1,6W62_0
train,1,2TRA_0
train,1,5FK6
train,1,5W1H_0
train,1,6WJR_0
train,1,4A4S
train,1,6SDY
train,1,5TC1_0
train,1,2B57
train,1,5IEM
train,1,2LC8_0
train,1,6SGA_1
train,1,1F7G
train,1,4C7O
train,1,6Y5Q_0
train,1,3WQY
train,1,2L94
train,1,1D6K
train,1,2M57
train,1,1EIY
train,1,2GV4
train,1,2B7G
train,1,2DVI
train,1,2FEY
train,1,6DB8
train,1,6AJK
train,1,2JWV
train,1,1IDV
train,1,1OW9
train,1,4LX6
train,1,1MNX
train,1,2LDL
train,1,4QEI
train,1,2ESE
train,1,2ZY6_0
train,1,2LP9
train,1,7JRR
train,1,1SY4
train,1,2KE6
train,1,5TC1_6
train,1,1FEQ
train,1,5TC1_4
train,1,2FDT
train,1,5U34_0
train,1,7JZZ
train,1,2ZZM_0
train,1,2PXU
train,1,1JZC
train,1,1A1T
train,1,6QKL_2
train,1,3A3A_0
train,1,6DU4
train,1,2Y8Y
train,1,2LPA
train,1,2LA5
train,1,5M0H
train,1,1UUU
train,1,7LVA
train,1,7NQ4
train,1,6XH3
train,1,1YMO
train,1,2N6T
train,1,6N5L
train,1,1TOB
train,1,6NOA
train,1,5FK5
train,1,1N8X
train,1,4FEL
train,1,2PXV
train,1,7OBQ_0
train,1,5VOF
train,1,5KH8
train,1,430D
train,1,4YVI_0
train,1,3GX6
train,1,2A9X
train,1,2LAC
train,1,4PDB
train,1,7OE0_0
train,1,4FEN
train,1,6AAU
train,1,6VMY
train,1,1I9F
train,1,1ATO
train,1,1BZ2
train,1,2N2O
train,1,1T4L
train,1,1YFG
train,1,1MSY
train,1,5DO4
train,1,3LA5
train,1,5NZ6
train,1,1XSU
train,1,6ZUO_0
train,1,1Z43
train,1,6D3P
train,1,5WQE_0
train,1,2AP0
train,1,2GVO
train,1,3AMT
train,1,2DR2
train,1,6AHR
train,1,3SUH
train,1,2KRL
train,1,5N5C
train,1,3IQN
train,1,2MS0
train,1,2DET_0
train,1,1QC8
train,1,1I3X
train,1,6DME
valid,1,2LK3
valid,1,2KUV
valid,1,2N6X
valid,1,6VZC
valid,1,2MQV
valid,1,2JR4
valid,1,4AOB
valid,1,3W3S_0
valid,1,2XDB_0
valid,1,2KRZ
valid,1,4WC7
valid,1,6E9E
valid,1,2A43
valid,1,6UGI
valid,1,6KL9_0
valid,1,4C4Q
valid,1,6HYK
valid,1,6WLM
valid,1,2MHI
valid,1,3MXH
valid,1,6CMN
valid,1,2KHY
valid,1,7OGM
valid,1,2MIS
valid,1,1DK1
valid,1,2M4Q
valid,1,1MFQ
valid,1,1LVJ
valid,1,6TF1
valid,1,6N5K
valid,1,1MT4
valid,1,6VRB
valid,1,5TC1_15
valid,1,2JSE
valid,1,4Q9R
valid,1,1CQ5
valid,1,1NA2
valid,1,5OSG_0
valid,1,2M5U
valid,1,5FKE
valid,1,7BOF_0
valid,1,1K6H
valid,1,2NCI
valid,1,1HJI
valid,1,2L1V
valid,1,6W77_0
valid,1,4PQV
valid,1,3MUR
valid,1,3IQP
valid,1,2QH3
valid,1,2OIH_0
valid,1,1F7F
valid,1,2NC0
valid,1,1YNE
valid,1,6VRC_0
valid,1,3D0U
valid,1,2MXS
valid,1,1K5I
valid,1,3PHP
valid,1,6W7N_0
valid,1,1K4A
test,1,2MXJ
test,1,2F87
test,1,1RNG
test,1,5E08
test,1,1VOP
test,1,1HS8
test,1,1ESH
test,1,5TC1_2
test,1,5TC1_11
test,1,1ROQ
test,1,1C0O
test,1,1FHK
test,1,6BY5
test,1,4IFD_0
test,1,2MN0
test,1,5TC1_8
test,1,2XLJ
test,1,2F8K
test,1,2LBJ
test,1,6T0U_0
test,1,1J4Y
test,1,2LBK
test,1,1WKS
test,1,2M4W
test,1,2KRW
test,1,1Z30
test,1,2QH4
test,1,1HLX
test,1,2AB4
test,1,4L8H
test,1,2Y8W
test,1,7D12
test,1,2RPT
test,1,1D0T
test,1,1F9L
test,1,2KD8
test,1,2K66
test,1,2G1W
test,1,2JYM
test,1,1JUR
test,1,1K2G
test,1,1K6G
test,1,4A4T
test,1,1S34
test,1,1RHT
test,1,1NYB
test,1,2ANR
test,1,2IXY
test,1,484D
test,1,1FQZ
test,1,6HIX_0
test,1,1JID
test,1,1UUD
test,1,1NBR
test,1,1EBQ
test,1,6MCE
test,1,1AJU
test,1,1KP7
test,1,7BOG_1
test,1,2LDT
test,1,1JO7
test,1,6EML_0
test,1,2LBS
test,1,2LWK
test,1,2DR5
test,1,1KAJ
test,1,5A17
test,1,2JXV
test,1,2DR7
test,1,2ZHB
test,1,2L3C
test,1,1R7W
test,1,2JTP
test,1,1RNK
test,1,2KPV
test,1,2ZH3
test,1,1P5N
test,1,6E80_0
test,1,2L3E
test,1,2DRB
test,1,6E82
test,1,2N6S
test,1,4OJI_0
test,1,1TXS
test,1,1F1T
test,1,1ZC5
test,1,5V17
test,1,2L2J
test,1,5WLH_0
test,1,2MTK
test,1,2PXT
test,1,2LU0
test,1,2PXD
test,1,1DUL
test,1,2PXP
test,1,7D82
test,1,4K27
test,1,4PKD
test,1,1MZP
test,1,4M4O
test,1,7N3O_1
test,1,5UZ9
test,1,2N3R
test,1,4XW7
test,1,2XO1_0
test,1,2EEW
test,1,3G4M
test,1,1KXK
test,1,5KPY
test,1,4LX5
test,1,2AKE
test,1,2MF0
test,1,5AXM_0
test,1,5VW1_0
test,1,3TUP_0
test,1,1J1U_0
test,1,5X6B
test,1,2IHX
test,1,7MRL
test,1,7KJU_0
test,1,6Y3G_0
test,1,4WC3
test,1,1QF6
test,1,4WJ4
test,1,5CCX
test,1,6B14
test,1,6B3K
test,1,4LVW
test,1,5T83_0
test,1,3MUV_0
test,1,5FK4
test,1,5FKF
test,1,5FKG
test,1,4B5R
test,1,2YDH
test,1,5FJC
test,1,2YGH
test,1,4OQU
test,1,1U6P
test,1,2NBX
test,1,2LKR
test,1,6N5S
test,1,6N5P
test,1,4UYK
test,1,3NDB
test,1,4R4P
test,1,4R4V
test,1,4D5N
test,1,6AGB
test,1,4E8Q
train,2,1MNX
train,2,1P5M
train,2,3TUP_0
train,2,1R4H
train,2,1Y26
train,2,2F8K
train,2,6EML_0
train,2,1HJI
train,2,1HLX
train,2,2M21
train,2,3MUV_0
train,2,6VUH
train,2,6Y3G_0
train,2,2MIS
train,2,1P9X_0
train,2,6W7N_0
train,2,6P2H
train,2,6MCE
train,2,2DVI
train,2,1TOB
train,2,2KUR
train,2,6D3P
train,2,1Z43
train,2,1KP7
train,2,7OE0_1
train,2,3GX6
train,2,5XBL_0
train,2,4V2S_0
train,2,1XJR
train,2,5NZ6
train,2,1JUR
train,2,5FK1
train,2,2MS0
train,2,1Z30
train,2,2N4L
train,2,2XDB_0
train,2,1TLR
train,2,2PXP
train,2,6N5K
train,2,5FKF
train,2,6HBT
train,2,1IK1
train,2,2KHY
train,2,7D12
train,2,1XWP
train,2,2AP0
train,2,2PXF
train,2,6DLQ
train,2,4WJ4
train,2,3L0U_0
train,2,2NC0
train,2,1QWB
train,2,387D
train,2,6WLM
train,2,1KKS
train,2,5WQ1
train,2,1MT4
train,2,1IDV
train,2,1L1C
train,2,4XW7
train,2,4JF2
train,2,5M0H
train,2,2L1V
train,2,4A4U
train,2,6N5T
train,2,4B5R
train,2,6VVJ
train,2,6E84
train,2,5VW1_0
train,2,6GBM
train,2,4Q9R
train,2,2KPC
train,2,6ZOK_0
train,2,4L8H
train,2,2M5U
train,2,7K4L
train,2,2LPS
train,2,6ZDQ
train,2,4A4S
train,2,1C0A
train,2,2QH4
train,2,1QF6
train,2,1I4C
train,2,4R8I
train,2,2N3O
train,2,3DD2
train,2,5ANC_0
train,2,3IQP
train,2,6P7M_0
train,2,2AKE
train,2,7K9M_0
train,2,1L3D
train,2,1E4P
train,2,1YFG
train,2,2N6S
train,2,1JWC_0
train,2,2KX8
train,2,5V17
train,2,1QC8
train,2,2ZH4
train,2,1F7G
train,2,1XHP
train,2,2AU4
train,2,2KRZ
train,2,2LQZ
train,2,6SY6_0
train,2,4ATO
train,2,1UUU
train,2,6IV9
train,2,2KYE
train,2,2HUA
train,2,5KPY
train,2,5IEM
train,2,2LV0
train,2,3LA5
train,2,4FAQ
train,2,5TC1_2
train,2,3GOG_0
train,2,1FYO
train,2,1ULL
train,2,5TC1_3
train,2,3IZD
train,2,1VC6_0
train,2,3GX7
train,2,1M5L
train,2,1K6G
train,2,1DK1
train,2,4XNR
train,2,6UES
train,2,2KUU
train,2,2ZH3
train,2,1HS2
train,2,2EEW
train,2,2NUE
train,2,1M82
train,2,2RP1
train,2,2RRC
train,2,2MXJ
train,2,5XWY_0
train,2,4R4P
train,2,2ZY6_0
train,2,4PKD
train,2,1A60
train,2,1J4Y
train,2,2MXS
train,2,5TC1_15
train,2,2DU3
train,2,1KAJ
train,2,3FO4_0
train,2,5AMQ
train,2,7MRL
train,2,1I46
train,2,2ESE
train,2,1G70
train,2,4KR3_0
train,2,1LNG
train,2,2ZUF_0
train,2,7OBQ_0
train,2,5V3I
train,2,1ME1
train,2,4L81
train,2,6WUB_0
train,2,1QU3
train,2,6XRZ
train,2,2LWK
train,2,6FQL
train,2,4UE5
train,2,2HW8
train,2,1YN1
train,2,4WC5
train,2,3IAB
train,2,2DR7
train,2,4YVI_0
train,2,1OW9
train,2,1H3E_0
train,2,1MZP
train,2,2EES
train,2,6E80_0
train,2,2MTK
train,2,6B45
train,2,1ATW
train,2,6BY5
train,2,2A43
train,2,6DU4
train,2,7JRR
train,2,2QH2
train,2,6MCC
train,2,2M58
train,2,2KE6
train,2,1SZY
train,2,2HEM
train,2,6B3K
train,2,2PXL
train,2,1K4B
train,2,1T4L
train,2,2LBJ
train,2,2EEU
train,2,2ANR
train,2,1OSW_0
train,2,3IQN
train,2,2IXY
train,2,7MLX
train,2,1K2G
train,2,3OVA
train,2,4E8Q
train,2,2IHX
train,2,2MQV
train,2,1XWU
train,2,6Y0Y
train,2,1XV6
train,2,1FQZ
train,2,3R9X
train,2,2R8S
train,2,2PXD
train,2,5X6B
train,2,1WKS
train,2,1ESH
train,2,2RLU
train,2,5TC1_12
train,2,2KRW
train,2,5LWJ
train,2,4YB1
train,2,1NBK
train,2,5A17
train,2,1SY4
train,2,1C2X
train,2,2LPT
train,2,2LBL
train,2,2HNS
train,2,2JUK
train,2,2M4W
train,2,4QVI
train,2,5WLH_0
train,2,2ZH2
train,2,1EXD
train,2,5FK4
train,2,1FMN
train,2,6AAY_0
train,2,2LI4
train,2,1JP0
train,2,1HS8
train,2,2LDT
train,2,5DO4
train,2,1D6K
train,2,7K16
train,2,5N5C
train,2,2F87
train,2,5TC1_0
train,2,2K5Z
train,2,2NC1
train,2,1GTR
train,2,2GVO
train,2,2DR2
train,2,1KPY_0
train,2,1F1T
train,2,484D
train,2,1ESY
train,2,1JID
train,2,3BBV
train,2,2LKR
train,2,1Z31
train,2,1MFK
train,2,5FJC
train,2,6DVK
train,2,6HIZ_0
train,2,6RFL_0
train,2,5TC1_14
train,2,2XLJ
train,2,7KJU_0
train,2,5TC1_11
train,2,5WTK_0
train,2,2JXV
train,2,4P5J_0
train,2,7OGM
train,2,1VOP
train,2,1F85
train,2,6SGA_0
train,2,3PHP
train,2,1AUD
train,2,6WLH
train,2,4PMI
train,2,7EAF
train,2,6N5P
train,2,1HS4
train,2,1FHK
train,2,1UUD
train,2,6EZ0
train,2,7LVA
train,2,5TC1_1
train,2,6W62_0
train,2,4A4T
train,2,2KPV
train,2,2YDH
train,2,2B7G
train,2,1HWQ
train,2,1WTT
train,2,4FEO
train,2,2FY1
train,2,2PXK
train,2,2NBX
train,2,5UZZ
train,2,6DB8
train,2,7JJE
train,2,2RVO
train,2,2B57
train,2,2PXE
train,2,3A3A_0
train,2,6B14
train,2,2KD8
train,2,1BZ2
train,2,4ADV_0
train,2,4WC7
train,2,6WLU
train,2,1U6P
train,2,2JYM
train,2,3EGZ
train,2,5UF3
train,2,4C4Q
train,2,2O32
train,2,4AL7_0
train,2,5FK2
train,2,1RAW
train,2,4FEJ
train,2,3SN2
train,2,1D0T
train,2,7OI0_0
train,2,1JZC
train,2,1J1U_0
train,2,2PCV
train,2,1EHT
train,2,6N5Q
train,2,4OJI_0
train,2,1NYB
train,2,4UYK
train,2,1A4T
train,2,7KJT_0
train,2,4QEI
train,2,4K27
train,2,1MFQ
train,2,6JXM
train,2,1FEQ
train,2,1EBR
train,2,3WQY
train,2,6N5N
train,2,7BOF_0
train,2,6U8D
train,2,1LVJ
train,2,3ZN8
train,2,5TC1_8
train,2,1AJU
train,2,1QD3
train,2,5FKE
train,2,7M5O_0
train,2,2JTP
train,2,2GIO
train,2,5OSG_0
train,2,1EBQ
train,2,5UZ9
train,2,6AHR
train,2,2N6T
train,2,2TRA_0
train,2,1YSV
train,2,2O33
train,2,2M22
train,2,4LVW
train,2,3E5C
train,2,2LA5
train,2,2HOO
train,2,1S34
train,2,1RHT
train,2,6GTC_0
train,2,1SLO
train,2,2EVY
train,2,4D5N
train,2,3DIL
train,2,1A9L
train,2,6WLJ
train,2,4LX5
train,2,2N82
train,2,2DRB
train,2,1JTW
train,2,1YMO
train,2,1LU3
train,2,1E95
train,2,6T0U_0
train,2,5CCX
train,2,2MN0
train,2,5KQE
train,2,5OB3
train,2,2M4Q
train,2,5TC1_7
train,2,7MKY
train,2,5FKH
train,2,2LBS
train,2,2G1G
train,2,6N5L
train,2,7BOG_1
train,2,2YGH
train,2,2LAC
train,2,4FEL
train,2,1ATO
train,2,1ROQ
train,2,3MUR
train,2,4OQU
train,2,3G4M
train,2,2GRW
train,2,1XST
train,2,5T83_0
train,2,2LHP
train,2,1Q75
train,2,17RA
train,2,1MFJ
train,2,1F9L
train,2,5U34_0
train,2,1BVJ
train,2,5TC1_9
train,2,2KZL
train,2,1HS3
train,2,4IFD_0
train,2,6GZK
train,2,2DU5
train,2,1MFY
train,2,2M24
train,2,2GIS
train,2,4LX6
train,2,4WC3
train,2,1EIY
train,2,6N5O
train,2,4YVJ_0
train,2,6AGB
train,2,1K4A
train,2,6W77_0
train,2,1CQ5
train,2,2ZHB
train,2,7AFI_0
train,2,2KPD
train,2,1DUL
train,2,3MXH
train,2,2G1W
train,2,2LBK
train,2,1P5O
train,2,1AJF
train,2,1NBR
train,2,1KXK
train,2,6HIX_2
train,2,2EET
train,2,2RPK
train,2,6TF1
train,2,2U2A
train,2,4FEN
train,2,6CMN
train,2,1KOS
train,2,2Y8W
train,2,2N2O
train,2,6Y5Q_0
train,2,5FK5
train,2,6HAG
train,2,6QKL_2
train,2,2N3R
train,2,4A4R
train,2,2N0R_0
train,2,1IE2
train,2,6FQ3
train,2,4YVK_0
train,2,4FNJ
train,2,2ZH1
train,2,6WJR_0
train,2,1NC0
train,2,6WLN
train,2,1N66
train,2,1A51
train,2,1B36
train,2,2ZHA
train,2,6NOA
train,2,6N5S
train,2,1RNK
train,2,6U79
train,2,2LJJ
train,2,2MNC_0
train,2,1ZSE_0
train,2,2L94
train,2,6W3M
train,2,2FDT
train,2,1F7V_0
train,2,3IRW_0
train,2,2L2J
train,2,2LP9
train,2,7DD4
train,2,2PXB
train,2,2GIP
train,2,5AXM_0
train,2,5XXU_0
train,2,2MHI
train,2,7D7V
train,2,2PXQ
train,2,1U0B
train,2,4M4O
train,2,2KRV
train,2,6TNA
train,2,5AN9_1
train,2,5TC1_13
train,2,2M57
train,2,1BGZ
train,2,4QK8
train,2,6SG9_0
train,2,4OOG
train,2,1R7W
train,2,3AL0
train,2,1L1W
train,2,3D0U
train,2,6T0R_0
train,2,2LK3
train,2,2GV4
train,2,2L3C
train,2,1RNG
train,2,5DUN
train,2,6HIX_0
train,2,1SJF_0
train,2,2ZH5
train,2,2DR5
train,2,2M8K
train,2,2AB4
train,2,2Y95
train,2,2N8V
train,2,2PXV
train,2,4FB0
train,2,6DCB
train,2,2L3E
train,2,6E82
train,2,4FEP
train,2,3WQZ
train,2,1ZIF
train,2,1XSU
train,2,1DRZ
train,2,2KUW
train,2,3NDB
train,2,2N6W
train,2,7OE0_0
train,2,2K66
train,2,5FKG
train,2,5TC1_6
train,2,4PQV
train,2,7D82
valid,2,2MEQ
valid,2,6WLO
valid,2,2NCI
valid,2,5KMZ
valid,2,2RPT
valid,2,2KUV
valid,2,2XO1_0
valid,2,5XYI_0
valid,2,7LYF
valid,2,2DET_0
valid,2,2MF0
valid,2,5TC1_5
valid,2,2JR4
valid,2,6WLS
valid,2,7EZ0
valid,2,6D12
valid,2,1ZC5
valid,2,6AJK
valid,2,5WT3_0
valid,2,5V16
valid,2,2IXZ
valid,2,7BOG_0
valid,2,1TXS
valid,2,2FEY
valid,2,2HGH
valid,2,1C0O
valid,2,3GOT
valid,2,3W3S_0
valid,2,1IKD
valid,2,2PXT
valid,2,2M12
valid,2,6IV6_0
valid,2,1Y27
valid,2,2LC8_0
valid,2,5FK6
valid,2,3TRA_0
valid,2,1JTJ
valid,2,7NQ4
valid,2,4TV0
valid,2,1E8O
valid,2,1KPD
valid,2,6G5I_0
valid,2,4R4V
valid,2,2LU0
valid,2,4ENC
valid,2,1JO7
valid,2,6SDY
valid,2,2TOB
valid,2,5FK3
valid,2,6AAU
valid,2,3AMT
valid,2,7N3O_1
valid,2,2JWV
valid,2,1P5N
valid,2,3AM1
valid,2,1HS1
valid,2,1YG3
valid,2,5E08
valid,2,5TC1_10
valid,2,1EKZ
test,2,2OJ8
test,2,5XYU_0
test,2,1AFX
test,2,1ZIG
test,2,1ZIH
test,2,7N3O_0
test,2,5WQE_0
test,2,5TC1_4
test,2,3OIN
test,2,2HOP_0
test,2,4C8Z_0
test,2,2LPA
test,2,2L6I
test,2,1LUX
test,2,4ZLD
test,2,1ATV
test,2,2KVN
test,2,4AL5_0
test,2,6HIX_1
test,2,6XXB
test,2,6Q8V
test,2,2MFD
test,2,2Y8Y
test,2,1I3X
test,2,6PK9
test,2,1A1T
test,2,4AY2
test,2,1QWA
test,2,6XXA
test,2,5ID6
test,2,2JSE
test,2,2GV3
test,2,1K8W
test,2,1K6H
test,2,1TJZ
test,2,2ANN_0
test,2,1K5I
test,2,2N2P
test,2,1NEM
test,2,2RO2
test,2,2QH3
test,2,6KL9_0
test,2,6NMC_0
test,2,6DU5_0
test,2,4BW0
test,2,6XH3
test,2,2LDL
test,2,1F7F
test,2,1MSY
test,2,2KMJ
test,2,28SP
test,2,2A9X
test,2,6SNJ
test,2,6VZC
test,2,2X7N
test,2,2LUN
test,2,6IZP
test,2,430D
test,2,5LSN
test,2,1F84
test,2,2LDZ
test,2,1NA2
test,2,1RFR
test,2,7AFL_1
test,2,3J3W_0
test,2,1YNC
test,2,6HYK
test,2,1YNE
test,2,6UGI
test,2,6ZUO_0
test,2,2ZH7
test,2,1EXY
test,2,1I9F
test,2,1R7Z
test,2,2ZH8
test,2,2EUY
test,2,1T28
test,2,2TPK
test,2,5VOF
test,2,1N8X
test,2,6DTD
test,2,2LUB
test,2,6E8U
test,2,4PDB
test,2,2KTZ
test,2,2NBY
test,2,2MXL
test,2,2NBZ
test,2,5W1H_0
test,2,6RTI
test,2,5O7H
test,2,2N6X
test,2,5KH8
test,2,2K95
test,2,4C7O
test,2,1RMN
test,2,2PXU
test,2,6MXQ
test,2,6VRC_0
test,2,6E9E
test,2,7D7Z
test,2,6VRB
test,2,1OLN
test,2,2MIY
test,2,6LNC
test,2,7K9D
test,2,6PIF
test,2,7JZZ
test,2,6V9Q
test,2,6VAR
test,2,2HVY_0
test,2,2EEV
test,2,1H4S_0
test,2,6SGA_1
test,2,2DU6
test,2,5TPY
test,2,2L3J
test,2,1EUQ
test,2,1EUY_0
test,2,2OIH_0
test,2,5D6G
test,2,1VTQ
test,2,2K4C
test,2,1F7U
test,2,5L4O_0
test,2,3QSY
test,2,4X0B
test,2,6JQ6
test,2,2ZZM_0
test,2,1JZX_0
test,2,5U3G
test,2,3SD3
test,2,2N7M
test,2,3MUT
test,2,3MUM
test,2,4AOB
test,2,5FKD
test,2,2XKV_0
test,2,3SUH
test,2,6DME
test,2,2KRL
test,2,4WFL
test,2,4KQY
test,2,6N5R
test,2,6VMY
test,2,2N1Q
test,2,4UE4
test,2,3IYQ
test,2,3IZ4
test,2,7AF5_0
train,3,1JUR
train,3,4YVJ_0
train,3,6DTD
train,3,1TLR
train,3,6W62_0
train,3,2YGH
train,3,1P5N
train,3,4A4U
train,3,2K95
train,3,6WLU
train,3,1NC0
train,3,1RNK
train,3,1EKZ
train,3,6ZOK_0
train,3,1KKS
train,3,1IKD
train,3,1LU3
train,3,7MRL
train,3,4FB0
train,3,1A60
train,3,6DME
train,3,2N2P
train,3,2LDZ
train,3,6QKL_2
train,3,1E8O
train,3,1KP7
train,3,6DVK
train,3,4TV0
train,3,1N66
train,3,1FQZ
train,3,2PXF
train,3,4FAQ
train,3,2OJ8
train,3,2HW8
train,3,1F84
train,3,2PXL
train,3,1L1W
train,3,5WQ1
train,3,6HYK
train,3,6MCC
train,3,6IZP
train,3,2KUW
train,3,2MXL
train,3,6NMC_0
train,3,6NOA
train,3,4E8Q
train,3,2PXP
train,3,2K4C
train,3,1J4Y
train,3,7OE0_0
train,3,6IV6_0
train,3,2HNS
train,3,2G1W
train,3,5FK3
train,3,1UUU
train,3,5T83_0
train,3,5KQE
train,3,1D6K
train,3,1YSV
train,3,2JUK
train,3,1EBQ
train,3,1MFQ
train,3,6RTI
train,3,7D82
train,3,5XBL_0
train,3,1DRZ
train,3,2TOB
train,3,6Y5Q_0
train,3,6MXQ
train,3,5TC1_4
train,3,1EUY_0
train,3,4P5J_0
train,3,4R4V
train,3,4BW0
train,3,6GZK
train,3,5TC1_12
train,3,1C0A
train,3,5TC1_1
train,3,2L3E
train,3,2GV3
train,3,1YNC
train,3,3SUH
train,3,1YMO
train,3,4A4T
train,3,6E80_0
train,3,4X0B
train,3,2MS0
train,3,1Y26
train,3,2ESE
train,3,2KZL
train,3,2KPC
train,3,2N3O
train,3,6VZC
train,3,4FEP
train,3,2RO2
train,3,2KMJ
train,3,2PXQ
train,3,4R8I
train,3,6W7N_0
train,3,2M4W
train,3,1MZP
train,3,5WLH_0
train,3,5NZ6
train,3,4ZLD
train,3,1C2X
train,3,1L1C
train,3,5TC1_9
train,3,2LAC
train,3,1JO7
train,3,5U34_0
train,3,2EES
train,3,4B5R
train,3,2ZH5
train,3,1JTW
train,3,4WFL
train,3,2M57
train,3,2KYE
train,3,6BY5
train,3,3SD3
train,3,2NCI
train,3,5CCX
train,3,2KUU
train,3,6JXM
train,3,1K4A
train,3,1XWP
train,3,1ATV
train,3,7N3O_0
train,3,2DU3
train,3,2QH3
train,3,1VTQ
train,3,1RHT
train,3,2XLJ
train,3,7K9D
train,3,2L3C
train,3,6N5P
train,3,6SY6_0
train,3,4ATO
train,3,4L81
train,3,3J3W_0
train,3,2HOP_0
train,3,5AN9_1
train,3,1XHP
train,3,1TOB
train,3,2N6W
train,3,4AL7_0
train,3,2M58
train,3,1ZIG
train,3,5LSN
train,3,1C0O
train,3,6XXA
train,3,2M5U
train,3,1T4L
train,3,6RFL_0
train,3,1KOS
train,3,1RMN
train,3,3MUR
train,3,2JTP
train,3,3AL0
train,3,2ANN_0
train,3,484D
train,3,6XRZ
train,3,1RNG
train,3,3MUT
train,3,1AFX
train,3,2AKE
train,3,7BOG_1
train,3,2L2J
train,3,6AGB
train,3,1MFK
train,3,1XWU
train,3,5E08
train,3,2NC1
train,3,7DD4
train,3,5DO4
train,3,6UGI
train,3,5KH8
train,3,5UZZ
train,3,6JQ6
train,3,5FKG
train,3,1ROQ
train,3,1P5M
train,3,7D12
train,3,2ZH2
train,3,5FK2
train,3,2NUE
train,3,2MTK
train,3,1I3X
train,3,2LBS
train,3,2JWV
train,3,6VMY
train,3,6T0R_0
train,3,1HS2
train,3,1QF6
train,3,5TPY
train,3,1F1T
train,3,5A17
train,3,7NQ4
train,3,1NEM
train,3,5TC1_11
train,3,2ZH8
train,3,6UES
train,3,2JYM
train,3,6E8U
train,3,2LV0
train,3,6DU5_0
train,3,6TNA
train,3,4ADV_0
train,3,6FQL
train,3,7D7Z
train,3,1EUQ
train,3,2A43
train,3,2HEM
train,3,6LNC
train,3,1K4B
train,3,1SLO
train,3,4PMI
train,3,1YNE
train,3,2XDB_0
train,3,6E9E
train,3,6CMN
train,3,2LP9
train,3,1N8X
train,3,2MIY
train,3,6XH3
train,3,28SP
train,3,3IQP
train,3,2NBZ
train,3,2RVO
train,3,7N3O_1
train,3,2GIP
train,3,6AHR
train,3,5DUN
train,3,2O33
train,3,2MXS
train,3,5M0H
train,3,4YVI_0
train,3,1Y27
train,3,2ZHA
train,3,2EEW
train,3,5XYU_0
train,3,1ME1
train,3,1ESH
train,3,2Y8W
train,3,1T28
train,3,4PQV
train,3,5ANC_0
train,3,1EBR
train,3,3IAB
train,3,2ZY6_0
train,3,6ZDQ
train,3,4LVW
train,3,1JZC
train,3,6XXB
train,3,1XSU
train,3,1ZC5
train,3,1F7V_0
train,3,2AU4
train,3,1HS8
train,3,6B14
train,3,1UUD
train,3,1BVJ
train,3,2HVY_0
train,3,2MHI
train,3,4WJ4
train,3,2M22
train,3,2KUR
train,3,2Y95
train,3,6EML_0
train,3,2F87
train,3,2N1Q
train,3,2N6S
train,3,2JSE
train,3,2PCV
train,3,6Q8V
train,3,2EUY
train,3,2DR7
train,3,6GTC_0
train,3,5FJC
train,3,2LU0
train,3,6HIX_0
train,3,4WC3
train,3,6PIF
train,3,2OIH_0
train,3,7JRR
train,3,1K2G
train,3,5V17
train,3,4A4S
train,3,6MCE
train,3,6T0U_0
train,3,1KXK
train,3,4IFD_0
train,3,5FKF
train,3,1I46
train,3,2LWK
train,3,4AL5_0
train,3,6WLH
train,3,1IK1
train,3,1I4C
train,3,1SJF_0
train,3,2G1G
train,3,1A1T
train,3,2MQV
train,3,3OIN
train,3,6N5K
train,3,2GRW
train,3,1JWC_0
train,3,2DU5
train,3,3QSY
train,3,2LUB
train,3,5U3G
train,3,1DK1
train,3,2HUA
train,3,1Q75
train,3,2NC0
train,3,1KAJ
train,3,2LDT
train,3,1NBR
train,3,4ENC
train,3,3ZN8
train,3,4OOG
train,3,4C7O
train,3,6WLS
train,3,2KVN
train,3,1DUL
train,3,2IXZ
train,3,1ATW
train,3,2JR4
train,3,3TRA_0
train,3,2NBY
train,3,3FO4_0
train,3,6U79
train,3,2TPK
train,3,6N5S
train,3,2DR5
train,3,1CQ5
train,3,6SG9_0
train,3,4M4O
train,3,2KD8
train,3,2PXU
train,3,2YDH
train,3,2QH4
train,3,5FK1
train,3,6W3M
train,3,1TJZ
train,3,1NA2
train,3,2LI4
train,3,2KPV
train,3,5TC1_10
train,3,1KPD
train,3,4XW7
train,3,2KRV
train,3,1A4T
train,3,2NBX
train,3,7KJT_0
train,3,1NYB
train,3,1OLN
train,3,3WQZ
train,3,5TC1_2
train,3,2LPS
train,3,5OB3
train,3,1JZX_0
train,3,2PXE
train,3,2PXD
train,3,1A51
train,3,6AAY_0
train,3,1HLX
train,3,1R7W
train,3,2A9X
train,3,2N3R
train,3,1K5I
train,3,1P9X_0
train,3,5TC1_8
train,3,1KPY_0
train,3,1MT4
train,3,2KRL
train,3,1GTR
train,3,1ULL
train,3,2IXY
train,3,5FK6
train,3,5FK5
train,3,5FK4
train,3,5WQE_0
train,3,4UE4
train,3,2ZZM_0
train,3,2IHX
train,3,7AF5_0
train,3,1RFR
train,3,2JXV
train,3,2MNC_0
train,3,6AAU
train,3,2LBJ
train,3,3DD2
train,3,6G5I_0
train,3,6SGA_1
train,3,1D0T
train,3,4KR3_0
train,3,2LUN
train,3,4L8H
train,3,2QH2
train,3,1F7U
train,3,1U6P
train,3,2L6I
train,3,6PK9
train,3,6N5O
train,3,6SGA_0
train,3,2LQZ
train,3,5VW1_0
train,3,1WKS
train,3,2LPA
train,3,3BBV
train,3,4QVI
train,3,2L1V
train,3,1F7G
train,3,5XWY_0
train,3,1ZSE_0
train,3,2PXB
train,3,1HJI
train,3,5LWJ
train,3,4AY2
train,3,3PHP
train,3,2N6X
train,3,1YN1
train,3,5AMQ
train,3,1S34
train,3,2HOO
train,3,2Y8Y
train,3,2GVO
train,3,1HS1
train,3,5O7H
train,3,7AFL_1
train,3,4LX5
train,3,4FEO
train,3,6VAR
train,3,6B45
train,3,2MN0
train,3,2MF0
train,3,4V2S_0
train,3,6WLO
train,3,6GBM
train,3,6Y3G_0
train,3,430D
train,3,2LBK
train,3,6VRC_0
train,3,6IV9
train,3,2KTZ
train,3,1AJU
train,3,7AFI_0
train,3,5D6G
train,3,5WT3_0
train,3,2RPT
train,3,3MUV_0
train,3,2AB4
train,3,5FKD
train,3,5X6B
train,3,6D3P
train,3,1L3D
train,3,4D5N
train,3,1G70
train,3,2KUV
train,3,2PXK
train,3,4OJI_0
train,3,4AOB
train,3,6N5R
train,3,6V9Q
train,3,1E4P
train,3,5VOF
train,3,2DVI
train,3,5L4O_0
train,3,3MUM
train,3,6DLQ
train,3,2N7M
train,3,2X7N
train,3,2RP1
train,3,6SNJ
train,3,6HIZ_0
train,3,2U2A
train,3,6VRB
train,3,1R7Z
train,3,2FDT
train,3,3NDB
train,3,4YVK_0
train,3,4WC7
train,3,2RPK
train,3,2LBL
train,3,6HIX_1
train,3,6E84
train,3,4PDB
train,3,2EET
train,3,1LUX
train,3,4UYK
train,3,7KJU_0
train,3,3WQY
train,3,7JZZ
train,3,1ESY
train,3,2EEU
train,3,2MXJ
train,3,17RA
train,3,1ATO
train,3,1LVJ
train,3,5W1H_0
train,3,3IZ4
train,3,1K6H
train,3,1JID
train,3,4C8Z_0
train,3,7OI0_0
train,3,1TXS
train,3,2GIS
train,3,1EXY
train,3,5UZ9
train,3,1QU3
train,3,5TC1_7
train,3,1K8W
train,3,3IYQ
train,3,1F7F
train,3,2N2O
train,3,6E82
train,3,2L94
train,3,6B3K
train,3,4QK8
train,3,5TC1_5
train,3,1M5L
train,3,7OE0_1
train,3,3GX6
train,3,4OQU
train,3,3TUP_0
train,3,1K6G
train,3,2LHP
train,3,2EEV
train,3,5ID6
train,3,4K27
train,3,1MNX
train,3,2ZH7
train,3,2ZH1
train,3,1J1U_0
train,3,7JJE
train,3,2LDL
train,3,1MSY
train,3,6ZUO_0
train,3,3SN2
train,3,2KRW
valid,3,4KQY
valid,3,6N5L
valid,3,2ZHB
valid,3,2MFD
valid,3,1F9L
valid,3,2KRZ
valid,3,2PXT
valid,3,1HS4
valid,3,4FNJ
valid,3,1QWA
valid,3,2L3J
valid,3,4FEN
valid,3,2AP0
valid,3,6KL9_0
valid,3,7K4L
valid,3,2LC8_0
valid,3,1E95
valid,3,2DU6
valid,3,4C4Q
valid,3,5TC1_13
valid,3,6HIX_2
valid,3,3AMT
valid,3,1VOP
valid,3,2DR2
valid,3,4R4P
valid,3,1I9F
valid,3,2ANR
valid,3,3G4M
valid,3,4PKD
valid,3,1H4S_0
valid,3,5V3I
valid,3,2ZH3
valid,3,5UF3
valid,3,1ZIH
valid,3,2XO1_0
valid,3,1Z31
valid,3,3GX7
valid,3,7D7V
valid,3,2LKR
valid,3,3IQN
valid,3,5TC1_0
valid,3,1BGZ
valid,3,2K66
valid,3,1FHK
valid,3,2KPD
valid,3,5AXM_0
valid,3,1Z30
valid,3,3E5C
valid,3,1OSW_0
valid,3,6N5T
valid,3,1XV6
valid,3,2FEY
valid,3,5KPY
valid,3,6WLN
valid,3,1XST
valid,3,2DRB
valid,3,4Q9R
valid,3,2F8K
valid,3,6U8D
valid,3,2XKV_0
test,3,1IDV
test,3,1R4H
test,3,5TC1_6
test,3,1ZIF
test,3,6FQ3
test,3,1HS3
test,3,5TC1_3
test,3,1WTT
test,3,5TC1_14
test,3,1F85
test,3,2EVY
test,3,1BZ2
test,3,1FEQ
test,3,6HBT
test,3,1AJF
test,3,2B7G
test,3,5N5C
test,3,2MEQ
test,3,2RLU
test,3,1MFJ
test,3,2O32
test,3,2FY1
test,3,1SZY
test,3,1JP0
test,3,2M21
test,3,5OSG_0
test,3,4A4R
test,3,2RRC
test,3,2GV4
test,3,1IE2
test,3,2N0R_0
test,3,2M12
test,3,1OW9
test,3,1JTJ
test,3,2N82
test,3,1SY4
test,3,2LK3
test,3,5TC1_15
test,3,1QC8
test,3,1M82
test,3,387D
test,3,2MIS
test,3,1QWB
test,3,6P7M_0
test,3,6Y0Y
test,3,2LJJ
test,3,1FYO
test,3,2M4Q
test,3,6EZ0
test,3,6AJK
test,3,1YG3
test,3,6DU4
test,3,2GIO
test,3,2M24
test,3,1QD3
test,3,2K5Z
test,3,1AUD
test,3,1HWQ
test,3,5WTK_0
test,3,1MFY
test,3,5KMZ
test,3,1EHT
test,3,6VUH
test,3,6SDY
test,3,1NBK
test,3,3OVA
test,3,2LPT
test,3,2ZH4
test,3,5XYI_0
test,3,3R9X
test,3,1FMN
test,3,6DCB
test,3,1RAW
test,3,2LA5
test,3,7M5O_0
test,3,1B36
test,3,1A9L
test,3,2KHY
test,3,6D12
test,3,5V16
test,3,5XXU_0
test,3,2KX8
test,3,2N6T
test,3,6HAG
test,3,6WUB_0
test,3,1XJR
test,3,2KE6
test,3,2M8K
test,3,7OGM
test,3,2PXV
test,3,7K16
test,3,6TF1
test,3,2N4L
test,3,2HGH
test,3,5IEM
test,3,6DB8
test,3,7MLX
test,3,3GOG_0
test,3,2B57
test,3,3EGZ
test,3,7MKY
test,3,7K9M_0
test,3,4FEJ
test,3,3GOT
test,3,4FEL
test,3,4QEI
test,3,6P2H
test,3,2DET_0
test,3,2N8V
test,3,4LX6
test,3,3LA5
test,3,4XNR
test,3,1VC6_0
test,3,2TRA_0
test,3,3L0U_0
test,3,1EXD
test,3,4WC5
test,3,1U0B
test,3,1YFG
test,3,1EIY
test,3,2ZUF_0
test,3,1P5O
test,3,4JF2
test,3,3AM1
test,3,1H3E_0
test,3,3A3A_0
test,3,6W77_0
test,3,7BOF_0
test,3,4YB1
test,3,3IRW_0
test,3,3MXH
test,3,5FKH
test,3,5FKE
test,3,7EAF
test,3,1LNG
test,3,7BOG_0
test,3,3W3S_0
test,3,1Z43
test,3,7LVA
test,3,6WJR_0
test,3,6N5N
test,3,6N5Q
test,3,6VVJ
test,3,6WLJ
test,3,7LYF
test,3,3IZD
test,3,2R8S
test,3,3D0U
test,3,7OBQ_0
test,3,6WLM
test,3,3DIL
test,3,4UE5
test,3,7EZ0
train,4,1K6G
train,4,4A4R
train,4,2HGH
train,4,5TC1_12
train,4,3MUV_0
train,4,1KAJ
train,4,3IQP
train,4,4C8Z_0
train,4,3GOG_0
train,4,2MXL
train,4,2EVY
train,4,1EBQ
train,4,1SY4
train,4,6N5N
train,4,4XW7
train,4,2U2A
train,4,2AB4
train,4,4R4P
train,4,2LQZ
train,4,1N8X
train,4,2PXP
train,4,2L2J
train,4,2NC1
train,4,6LNC
train,4,2KMJ
train,4,1C0O
train,4,2RPK
train,4,3L0U_0
train,4,6VVJ
train,4,4AOB
train,4,2M4W
train,4,3MUT
train,4,2KRZ
train,4,6B14
train,4,7AF5_0
train,4,1T4L
train,4,1AFX
train,4,2YGH
train,4,6FQL
train,4,4ENC
train,4,4FB0
train,4,5TC1_4
train,4,7M5O_0
train,4,3R9X
train,4,1RHT
train,4,1FMN
train,4,2ZY6_0
train,4,2G1G
train,4,6DME
train,4,2N4L
train,4,6IV6_0
train,4,1UUU
train,4,1E95
train,4,1QC8
train,4,4PMI
train,4,7N3O_1
train,4,6ZUO_0
train,4,7D82
train,4,2LDT
train,4,7D12
train,4,6N5T
train,4,6WLM
train,4,3EGZ
train,4,6DU4
train,4,6MXQ
train,4,4PDB
train,4,1ZC5
train,4,1J1U_0
train,4,1TJZ
train,4,1UUD
train,4,4LVW
train,4,2A43
train,4,1AJU
train,4,2ZH8
train,4,2N1Q
train,4,1A1T
train,4,5TC1_11
train,4,6NMC_0
train,4,6XXA
train,4,1KOS
train,4,1P5O
train,4,7BOG_1
train,4,7OGM
train,4,6P7M_0
train,4,2L3C
train,4,2ZHA
train,4,3MUR
train,4,6ZOK_0
train,4,6DU5_0
train,4,1JUR
train,4,1OW9
train,4,2DR7
train,4,5L4O_0
train,4,1HLX
train,4,1A60
train,4,2JYM
train,4,1QU3
train,4,7MLX
train,4,3IZ4
train,4,2ZZM_0
train,4,6HAG
train,4,6SDY
train,4,7KJU_0
train,4,1LVJ
train,4,2MNC_0
train,4,6HIX_2
train,4,2R8S
train,4,1FYO
train,4,4IFD_0
train,4,4OOG
train,4,7K16
train,4,3LA5
train,4,2N0R_0
train,4,1K6H
train,4,1FQZ
train,4,1BVJ
train,4,2KRW
train,4,4WJ4
train,4,4LX5
train,4,2EEV
train,4,7LVA
train,4,1SJF_0
train,4,1IK1
train,4,4M4O
train,4,4AL5_0
train,4,6CMN
train,4,2RO2
train,4,5E08
train,4,7BOG_0
train,4,2NBY
train,4,2L3J
train,4,7N3O_0
train,4,7OBQ_0
train,4,1C0A
train,4,3OVA
train,4,7OI0_0
train,4,2K95
train,4,4R4V
train,4,2RRC
train,4,5IEM
train,4,1TXS
train,4,6EZ0
train,4,2N6X
train,4,3D0U
train,4,3GX7
train,4,2LV0
train,4,5U34_0
train,4,1ATW
train,4,1U0B
train,4,2KRL
train,4,1JTJ
train,4,5TPY
train,4,1LNG
train,4,1A4T
train,4,1RNG
train,4,2ZH7
train,4,2N2P
train,4,2PXV
train,4,6MCC
train,4,6VRC_0
train,4,4QEI
train,4,5FKG
train,4,2M57
train,4,1NA2
train,4,5FK4
train,4,6JQ6
train,4,1IDV
train,4,2MTK
train,4,6WUB_0
train,4,6XXB
train,4,2ZH3
train,4,4LX6
train,4,3FO4_0
train,4,6W62_0
train,4,3MUM
train,4,2AKE
train,4,6FQ3
train,4,1JO7
train,4,5TC1_8
train,4,2DRB
train,4,1XWU
train,4,2GVO
train,4,2KYE
train,4,1HS1
train,4,5TC1_14
train,4,3IZD
train,4,1VTQ
train,4,2ZH5
train,4,1F85
train,4,5TC1_5
train,4,2L3E
train,4,1NBK
train,4,1EKZ
train,4,1HS3
train,4,2LDZ
train,4,1DUL
train,4,4WC5
train,4,4QK8
train,4,2XLJ
train,4,2K4C
train,4,1ROQ
train,4,1JP0
train,4,1P5N
train,4,1I3X
train,4,6HIX_1
train,4,5UZ9
train,4,6GTC_0
train,4,2MXJ
train,4,2LDL
train,4,6VAR
train,4,6VUH
train,4,6E9E
train,4,4FEJ
train,4,6VZC
train,4,2IXY
train,4,3IRW_0
train,4,2LU0
train,4,430D
train,4,6SNJ
train,4,5FK6
train,4,5ANC_0
train,4,2NBZ
train,4,6SY6_0
train,4,6HYK
train,4,4OJI_0
train,4,1EXY
train,4,1GTR
train,4,1DK1
train,4,1ZIH
train,4,5LSN
train,4,6E80_0
train,4,5DO4
train,4,1F7G
train,4,5O7H
train,4,2GIO
train,4,6E8U
train,4,6D3P
train,4,1H3E_0
train,4,2HVY_0
train,4,3MXH
train,4,3W3S_0
train,4,2MEQ
train,4,5A17
train,4,6DVK
train,4,1H4S_0
train,4,5FKF
train,4,2MS0
train,4,2M24
train,4,1Y26
train,4,1CQ5
train,4,6DTD
train,4,3DD2
train,4,4YVK_0
train,4,2KPV
train,4,1KP7
train,4,7LYF
train,4,6MCE
train,4,2ZUF_0
train,4,1BZ2
train,4,1M82
train,4,1QF6
train,4,2Y8W
train,4,1OLN
train,4,1NBR
train,4,1KXK
train,4,6HBT
train,4,2N6S
train,4,2RPT
train,4,1F7U
train,4,4ZLD
train,4,6D12
train,4,6SG9_0
train,4,6T0R_0
train,4,7MKY
train,4,2N7M
train,4,1MFK
train,4,6UES
train,4,5D6G
train,4,2YDH
train,4,1JID
train,4,3AL0
train,4,6WJR_0
train,4,2PXT
train,4,1MFY
train,4,5V17
train,4,2LPT
train,4,2A9X
train,4,3A3A_0
train,4,1Z31
train,4,1JZX_0
train,4,1VC6_0
train,4,6EML_0
train,4,1NEM
train,4,4UE4
train,4,1G70
train,4,2OJ8
train,4,17RA
train,4,2O32
train,4,7EZ0
train,4,1ZIF
train,4,1YFG
train,4,2G1W
train,4,6AJK
train,4,6V9Q
train,4,6VMY
train,4,5AXM_0
train,4,6N5Q
train,4,2JWV
train,4,1NC0
train,4,3NDB
train,4,2FY1
train,4,5LWJ
train,4,6WLO
train,4,6Y0Y
train,4,3G4M
train,4,2LPA
train,4,2LPS
train,4,6N5R
train,4,4XNR
train,4,3J3W_0
train,4,1D0T
train,4,6SGA_1
train,4,4WC3
train,4,1EXD
train,4,6N5S
train,4,2IHX
train,4,1FHK
train,4,1YMO
train,4,3SD3
train,4,1U6P
train,4,2N8V
train,4,1QD3
train,4,7AFL_1
train,4,2M22
train,4,6AGB
train,4,2NBX
train,4,1HS8
train,4,1LUX
train,4,2LC8_0
train,4,5TC1_13
train,4,4K27
train,4,2RVO
train,4,2LI4
train,4,2M8K
train,4,2EUY
train,4,2N82
train,4,6WLH
train,4,1MT4
train,4,2N3R
train,4,2LKR
train,4,7D7V
train,4,2ZH4
train,4,4ATO
train,4,1B36
train,4,1EUY_0
train,4,2QH3
train,4,2EES
train,4,2JXV
train,4,6XH3
train,4,6P2H
train,4,2K5Z
train,4,1SZY
train,4,1RAW
train,4,4YB1
train,4,1S34
train,4,2KTZ
train,4,5XXU_0
train,4,1ESH
train,4,4X0B
train,4,1F1T
train,4,2ANN_0
train,4,4B5R
train,4,1RFR
train,4,2XO1_0
train,4,1I9F
train,4,2MN0
train,4,6DCB
train,4,2DU6
train,4,1MNX
train,4,6NOA
train,4,2ANR
train,4,2LP9
train,4,2KHY
train,4,2Y8Y
train,4,1SLO
train,4,5FKE
train,4,2LK3
train,4,2N6T
train,4,2KUW
train,4,2LBJ
train,4,1KKS
train,4,3GOT
train,4,6TF1
train,4,2XDB_0
train,4,2K66
train,4,2PXU
train,4,2LBS
train,4,3OIN
train,4,6QKL_2
train,4,3SN2
train,4,6TNA
train,4,3AM1
train,4,7K9D
train,4,2KRV
train,4,2DU3
train,4,1IKD
train,4,6VRB
train,4,1WTT
train,4,1Z30
train,4,2GV3
train,4,6T0U_0
train,4,5KH8
train,4,6AHR
train,4,2NC0
train,4,6E82
train,4,1NYB
train,4,2MF0
train,4,5V16
train,4,6HIX_0
train,4,5VW1_0
train,4,1A51
train,4,4L8H
train,4,4KR3_0
train,4,2JSE
train,4,1MSY
train,4,4AY2
train,4,1OSW_0
train,4,484D
train,4,5WLH_0
train,4,6UGI
train,4,1QWA
train,4,2MIS
train,4,1K5I
train,4,6PIF
train,4,5W1H_0
train,4,1VOP
train,4,2MIY
train,4,2JTP
train,4,5TC1_9
train,4,3IYQ
train,4,7JZZ
train,4,4FAQ
train,4,6W77_0
train,4,5WQE_0
train,4,1T28
train,4,1D6K
train,4,2ZHB
train,4,5VOF
train,4,2AU4
train,4,1XJR
train,4,5FKH
train,4,1K4B
train,4,4UYK
train,4,1MFQ
train,4,4KQY
train,4,1YG3
train,4,7EAF
train,4,5TC1_3
train,4,2F87
train,4,5X6B
train,4,5FJC
train,4,3QSY
train,4,1MFJ
train,4,1F7F
train,4,2LBK
train,4,28SP
train,4,3AMT
train,4,2L6I
train,4,6DB8
train,4,1J4Y
train,4,5FKD
train,4,1QWB
train,4,1I4C
train,4,2XKV_0
train,4,2ESE
train,4,2LUB
train,4,5T83_0
train,4,2RLU
train,4,5WTK_0
train,4,3TUP_0
train,4,2KX8
train,4,5XYI_0
train,4,2X7N
train,4,1EIY
train,4,4PKD
train,4,6N5O
train,4,2OIH_0
train,4,1WKS
train,4,2GV4
train,4,1KPY_0
train,4,4WC7
train,4,4JF2
train,4,2M21
train,4,6RTI
train,4,7BOF_0
train,4,5M0H
train,4,1YNC
train,4,3SUH
train,4,2EEW
train,4,2LWK
train,4,2DR5
train,4,5TC1_2
train,4,5TC1_6
train,4,1ZIG
train,4,6Q8V
train,4,1XST
train,4,2QH4
train,4,2HOP_0
train,4,1ATV
train,4,1L1W
train,4,3PHP
train,4,2LJJ
train,4,1F84
train,4,4D5N
train,4,1Z43
train,4,1R4H
train,4,4E8Q
train,4,1F9L
train,4,5KPY
train,4,6IZP
train,4,6WLJ
train,4,5AN9_1
train,4,2F8K
train,4,5NZ6
train,4,5ID6
train,4,4A4T
train,4,6RFL_0
train,4,2KVN
train,4,6U79
train,4,4R8I
train,4,5TC1_15
train,4,5OSG_0
train,4,1EUQ
train,4,1A9L
train,4,2MFD
train,4,6BY5
train,4,1AUD
train,4,2FEY
train,4,4FEL
train,4,2KE6
train,4,7D7Z
train,4,2LA5
train,4,7MRL
valid,4,6N5L
valid,4,5N5C
valid,4,4UE5
valid,4,1HJI
valid,4,1R7Z
valid,4,387D
valid,4,2DET_0
valid,4,1HWQ
valid,4,2PXE
valid,4,6Y3G_0
valid,4,5CCX
valid,4,1E4P
valid,4,6W7N_0
valid,4,5XYU_0
valid,4,6WLU
valid,4,1RMN
valid,4,2B57
valid,4,3TRA_0
valid,4,1K2G
valid,4,3DIL
valid,4,2L94
valid,4,1EHT
valid,4,1FEQ
valid,4,6GZK
valid,4,2HUA
valid,4,4BW0
valid,4,5WT3_0
valid,4,3BBV
valid,4,5KMZ
valid,4,5U3G
valid,4,2HNS
valid,4,6HIZ_0
valid,4,2M12
valid,4,2LUN
valid,4,2KD8
valid,4,5FK5
valid,4,1K8W
valid,4,2PXD
valid,4,1N66
valid,4,1MZP
valid,4,2B7G
valid,4,6PK9
valid,4,7K9M_0
valid,4,1R7W
valid,4,6B3K
valid,4,6N5P
valid,4,2M4Q
valid,4,2TPK
valid,4,4C7O
valid,4,1JTW
valid,4,6KL9_0
valid,4,1YNE
valid,4,2MXS
valid,4,1AJF
valid,4,1P9X_0
valid,4,1IE2
valid,4,4OQU
valid,4,4WFL
valid,4,1RNK
valid,4,2TRA_0
valid,4,2RP1
test,4,2IXZ
test,4,5AMQ
test,4,1ZSE_0
test,4,1XV6
test,4,1ME1
test,4,5TC1_0
test,4,1JZC
test,4,1HS4
test,4,1I46
test,4,1HS2
test,4,5TC1_10
test,4,2Y95
test,4,1K4A
test,4,4AL7_0
test,4,1Q75
test,4,1XWP
test,4,5TC1_7
test,4,1JWC_0
test,4,2LAC
test,4,2LBL
test,4,1YN1
test,4,1LU3
test,4,2JR4
test,4,2KPD
test,4,2KPC
test,4,1ATO
test,4,1ESY
test,4,2TOB
test,4,7NQ4
test,4,2O33
test,4,5TC1_1
test,4,4A4S
test,4,4A4U
test,4,2M5U
test,4,2GRW
test,4,2JUK
test,4,5UF3
test,4,2N2O
test,4,1BGZ
test,4,1TLR
test,4,6GBM
test,4,5WQ1
test,4,2N3O
test,4,2HEM
test,4,6AAU
test,4,2QH2
test,4,4TV0
test,4,1TOB
test,4,1YSV
test,4,1XSU
test,4,7JJE
test,4,2GIP
test,4,1L3D
test,4,2AP0
test,4,2NCI
test,4,1L1C
test,4,4ADV_0
test,4,1EBR
test,4,6G5I_0
test,4,5UZZ
test,4,7OE0_1
test,4,1XHP
test,4,1KPD
test,4,2ZH1
test,4,2ZH2
test,4,2DVI
test,4,4FNJ
test,4,1ULL
test,4,2PCV
test,4,2FDT
test,4,7DD4
test,4,2HW8
test,4,7K4L
test,4,6E84
test,4,2L1V
test,4,5KQE
test,4,2LHP
test,4,1M5L
test,4,7KJT_0
test,4,6W3M
test,4,4V2S_0
test,4,6AAY_0
test,4,5XWY_0
test,4,3IAB
test,4,2NUE
test,4,2PXL
test,4,2KUU
test,4,2KUR
test,4,2KUV
test,4,2PXF
test,4,2PXK
test,4,2PXB
test,4,2PXQ
test,4,6IV9
test,4,1E8O
test,4,7JRR
test,4,2MHI
test,4,3E5C
test,4,5DUN
test,4,1P5M
test,4,2KZL
test,4,2M58
test,4,6B45
test,4,6ZDQ
test,4,2EET
test,4,2EEU
test,4,4FEO
test,4,4FEP
test,4,4FEN
test,4,4PQV
test,4,2N6W
test,4,2MQV
test,4,6U8D
test,4,1Y27
test,4,5OB3
test,4,4YVI_0
test,4,4YVJ_0
test,4,2DU5
test,4,1DRZ
test,4,1F7V_0
test,4,2DR2
test,4,3WQY
test,4,3WQZ
test,4,4QVI
test,4,7AFI_0
test,4,2HOO
test,4,4P5J_0
test,4,4Q9R
test,4,7OE0_0
test,4,3ZN8
test,4,6XRZ
test,4,5XBL_0
test,4,6Y5Q_0
test,4,5FK1
test,4,5FK2
test,4,2GIS
test,4,3GX6
test,4,3IQN
test,4,5FK3
test,4,4L81
test,4,6JXM
test,4,6DLQ
test,4,1C2X
test,4,6N5K
test,4,5V3I
test,4,4C4Q
test,4,6WLN
test,4,6WLS
test,4,6SGA_0
